advertiser,audio_top_score_family,face_closeup_peak_score,face_closeup_peak_time,face_closeup_ranges_score_gt_0_00,high_saturation_ranges_gt_0_45,ocr_brand_time_ranges,people_peak_score,people_peak_time,people_strong_ranges_score_gt_0_055,people_time_ranges_score_gt_0_02,rank,saturation_mean,saturation_peak_score,saturation_peak_time,source_key,title,visual_top_score_family,year
Jeep,upbeat_audio,-0.012954,26.7s,,38.2-45.8s,,0.056694,19.1s,15.3-22.9s,0.0-7.6s; 7.6-15.3s; 15.3-22.9s; 22.9-30.6s; 30.6-38.2s; 53.5-61.1s,1,0.276959,0.458876,42.0s,id:AnhzGUcENWo,Groundhog Day,funny_playful,2020
Hyundai,upbeat_audio,0.020027,18.8s,7.5-15.0s; 15.0-22.5s; 30.0-37.5s; 45.1-52.6s,,,0.059932,18.8s,7.5-15.0s; 15.0-22.5s; 45.1-52.6s,0.0-7.5s; 7.5-15.0s; 15.0-22.5s; 22.5-30.0s; 30.0-37.5s; 37.5-45.1s; 45.1-52.6s,2,0.242093,0.336093,33.8s,id:85iRQdjCzj0,Smaht Pahk,funny_playful,2020
Google,calm_audio,-0.003050,62.0s,,,,0.043737,62.0s,,45.1-56.3s; 56.3-67.6s; 67.6-78.9s,3,0.029763,0.058176,5.6s,id:6xSxXiHwMrg,Loretta,funny_playful,2020
Doritos,upbeat_audio,0.026090,4.4s,0.0-8.8s; 8.8-17.6s; 44.1-52.9s,61.7-70.5s,,0.054780,13.2s,,0.0-8.8s; 8.8-17.6s; 17.6-26.4s; 26.4-35.3s; 35.3-44.1s; 44.1-52.9s; 52.9-61.7s,4,0.375307,0.934252,66.1s,id:9OpuHa2vwdk,The Cool Ranch,funny_playful,2020
Rocket Mortgage,upbeat_audio,-0.009059,3.7s,,,,0.056340,3.7s,0.0-7.4s,0.0-7.4s; 7.4-14.8s; 14.8-22.2s; 22.2-29.7s; 29.7-37.1s; 37.1-44.5s; 51.9-59.3s,5,0.245210,0.333553,40.8s,id:g2ERWFMLptw,Comfortable,funny_playful,2020
NFL,upbeat_audio,0.001019,53.6s,42.8-64.3s,150.0-171.4s,,0.055873,75.0s,42.8-64.3s; 64.3-85.7s,0.0-21.4s; 21.4-42.8s; 42.8-64.3s; 64.3-85.7s; 85.7-107.1s; 107.1-128.5s; 128.5-150.0s,6,0.293077,0.520226,160.7s,id:lbkafMhmvMo,NEXT 100,funny_playful,2020
Amazon,upbeat_audio,-0.022356,87.4s,,,0.0-13.5s,0.064190,33.6s,26.9-40.4s; 53.8-67.3s,0.0-13.5s; 13.5-26.9s; 26.9-40.4s; 40.4-53.8s; 53.8-67.3s; 67.3-80.7s; 80.7-94.2s; 94.2-107.6s,7,0.262841,0.359998,60.5s,id:RF9t2rFmTVE,Before Alexa,funny_playful,2020
Kia,upbeat_audio,0.025150,22.0s,8.8-17.6s; 17.6-26.4s; 35.1-43.9s; 43.9-52.7s; 61.5-70.3s,,,0.055941,22.0s,17.6-26.4s,0.0-8.8s; 8.8-17.6s; 17.6-26.4s; 26.4-35.1s; 35.1-43.9s; 43.9-52.7s; 61.5-70.3s,8,0.284740,0.378037,13.2s,id:YyMev6_XZ9s,Tough Never Quits,funny_playful,2020
Microsoft,upbeat_audio,0.011894,41.4s,37.6-45.2s; 45.2-52.7s,,,0.049499,48.9s,,0.0-7.5s; 7.5-15.1s; 15.1-22.6s; 22.6-30.1s; 30.1-37.6s; 37.6-45.2s; 45.2-52.7s; 52.7-60.2s,9,0.294654,0.402391,41.4s,id:_xPn4DXIj5w,Be The One,funny_playful,2020
Cheetos,upbeat_audio,0.013174,13.2s,11.3-15.0s,,,0.062981,13.2s,11.3-15.0s; 22.6-26.3s,0.0-3.8s; 3.8-7.5s; 7.5-11.3s; 11.3-15.0s; 15.0-18.8s; 18.8-22.6s; 22.6-26.3s,10,0.254006,0.379588,28.2s,id:Cdpf1Dl5b_4,Can’t Touch This,funny_playful,2020
Michelob ULTRA,upbeat_audio,-0.002951,3.8s,,,,0.048452,11.3s,,0.0-7.5s; 7.5-15.0s; 22.6-30.1s; 30.1-37.6s; 37.6-45.1s; 45.1-52.6s; 52.6-60.1s,11,0.272159,0.374496,18.8s,id:U7h6Vls-uO8,Jimmy Works It Out,funny_playful,2020
Budweiser,upbeat_audio,0.038354,11.3s,7.5-15.0s; 52.6-60.2s,7.5-15.0s; 45.1-52.6s,,0.071266,18.8s,0.0-7.5s; 7.5-15.0s; 15.0-22.6s; 52.6-60.2s,0.0-7.5s; 7.5-15.0s; 15.0-22.6s; 22.6-30.1s; 30.1-37.6s; 37.6-45.1s; 52.6-60.2s,12,0.363941,0.523014,11.3s,id:yt-zXuAAD6Q,Typical American,funny_playful,2020
WeatherTech,upbeat_audio,0.028148,20.7s,0.0-3.8s; 11.3-15.0s; 15.0-18.8s; 18.8-22.6s,,,0.059491,13.2s,11.3-15.0s,0.0-3.8s; 3.8-7.5s; 7.5-11.3s; 11.3-15.0s; 15.0-18.8s; 18.8-22.6s; 22.6-26.3s; 26.3-30.1s,13,0.274486,0.372224,16.9s,id:gckObDeYpAA,Lucky Dog,funny_playful,2020
Little Caesars,upbeat_audio,-0.009366,27.4s,,54.9-62.7s,,0.058419,27.4s,23.5-31.3s,0.0-7.8s; 7.8-15.7s; 15.7-23.5s; 23.5-31.3s; 39.2-47.0s; 47.0-54.9s,14,0.282749,0.868957,58.8s,id:p5u-vBV8NUU,Best Thing Since Sliced Bread,funny_playful,2020
Bud Light,upbeat_audio,-0.025675,26.4s,,,,0.054109,26.4s,,15.1-22.6s; 22.6-30.1s; 30.1-37.6s; 37.6-45.2s; 45.2-52.7s; 52.7-60.2s,15,0.381871,0.433055,41.4s,id:wsnnU3fJTWg,Inside Post's Brain,funny_playful,2020
T-Mobile,upbeat_audio,0.007601,29.8s,25.5-34.0s,42.5-51.0s; 51.0-59.5s; 59.5-68.0s,42.5-51.0s; 51.0-59.5s,0.053814,29.8s,,0.0-8.5s; 8.5-17.0s; 17.0-25.5s; 25.5-34.0s; 34.0-42.5s,16,0.426957,0.937773,46.8s,id:y6yRDblPknY,Mama Tests 5G,funny_playful,2020
New York Life,upbeat_audio,-0.011834,33.8s,,0.0-7.5s,,0.062357,41.3s,37.5-45.1s,0.0-7.5s; 15.0-22.5s; 22.5-30.0s; 30.0-37.5s; 37.5-45.1s; 45.1-52.6s; 52.6-60.1s,17,0.345659,0.559249,3.8s,id:-3LTR32dMgI,Love Takes Action,funny_playful,2020
Walmart,upbeat_audio,0.014537,63.1s,56.1-70.1s; 70.1-84.1s,,,0.058992,21.0s,14.0-28.0s,0.0-14.0s; 14.0-28.0s; 28.0-42.0s; 42.0-56.1s; 56.1-70.1s; 70.1-84.1s; 84.1-98.1s; 98.1-112.1s,18,0.260440,0.348532,77.1s,id:qZqD-gSbUGY,Famous Visitors,funny_playful,2020
Mountain Dew,upbeat_audio,0.007014,20.7s,18.8-22.6s,7.5-11.3s; 11.3-15.0s; 15.0-18.8s; 26.3-30.1s,,0.058696,1.9s,0.0-3.8s; 22.6-26.3s,0.0-3.8s; 3.8-7.5s; 7.5-11.3s; 11.3-15.0s; 15.0-18.8s; 18.8-22.6s; 22.6-26.3s,19,0.416359,0.513064,16.9s,id:tHoYKy1GMgM,As Good As The Original,funny_playful,2020
Verizon,upbeat_audio,0.041576,48.9s,45.1-52.7s,22.6-30.1s,52.7-60.2s,0.069902,48.9s,22.6-30.1s; 37.6-45.1s; 45.1-52.7s,0.0-7.5s; 7.5-15.0s; 22.6-30.1s; 30.1-37.6s; 37.6-45.1s; 45.1-52.7s,20,0.296944,0.836548,26.3s,id:RhgJFsjBoN0,The Amazing Things 5G Won’t Do,funny_playful,2020
Tide,humorous_audio,0.013456,8.5s,7.6-9.4s,1.9-3.8s; 3.8-5.7s; 13.2-15.1s,,0.070370,8.5s,0.0-1.9s; 3.8-5.7s; 7.6-9.4s; 9.4-11.3s; 11.3-13.2s,0.0-1.9s; 1.9-3.8s; 3.8-5.7s; 5.7-7.6s; 7.6-9.4s; 9.4-11.3s; 11.3-13.2s,21,0.420001,0.784646,14.2s,id:0RVUcdyEq9k,"Finally Later, #LaundryLater",funny_playful,2020
Reeses,upbeat_audio,-0.006779,8.5s,,39.5-45.1s,,0.051647,31.0s,,5.6-11.3s; 11.3-16.9s; 16.9-22.5s; 22.5-28.2s; 28.2-33.8s,22,0.228407,0.889002,42.3s,id:9j6ENrR9HE8,Rock,funny_playful,2020
Planters,upbeat_audio,-0.020699,24.5s,,,,0.066982,24.5s,18.8-22.6s; 22.6-26.3s,0.0-3.8s; 3.8-7.5s; 7.5-11.3s; 11.3-15.0s; 15.0-18.8s; 18.8-22.6s; 22.6-26.3s; 26.3-30.1s,23,0.285691,0.326133,20.7s,id:MoVpgtAJHfU,Tribute,funny_playful,2020
Toyota,upbeat_audio,-0.001772,41.3s,,30.0-37.5s,,0.062735,41.3s,37.5-45.1s,0.0-7.5s; 7.5-15.0s; 15.0-22.5s; 22.5-30.0s; 30.0-37.5s; 37.5-45.1s; 45.1-52.6s; 52.6-60.1s,24,0.363632,0.643407,33.8s,id:C7loDDRfeJw,Heroes,funny_playful,2020
Snickers,upbeat_audio,-0.010648,61.4s,,,,0.071221,61.4s,18.9-28.3s; 56.7-66.1s,0.0-9.4s; 9.4-18.9s; 18.9-28.3s; 28.3-37.8s; 37.8-47.2s; 47.2-56.7s; 56.7-66.1s; 66.1-75.6s,25,0.269159,0.304773,4.7s,id:SLAV4LYO-yU,#SnickersFixtheWorld,funny_playful,2020
Procter & Gamble,upbeat_audio,0.008069,27.3s,23.4-31.1s,,,0.056220,27.3s,23.4-31.1s,0.0-7.8s; 15.6-23.4s; 23.4-31.1s; 31.1-38.9s; 38.9-46.7s; 46.7-54.5s; 54.5-62.3s,26,0.231990,0.423328,50.6s,id:CvUDuu58zbo,"When We Come Together, an Interactive Super Bowl Party, America's Choice",funny_playful,2020
Porsche,upbeat_audio,-0.009054,42.1s,,23.0-30.6s,,0.054379,11.5s,,0.0-7.7s; 7.7-15.3s; 15.3-23.0s; 23.0-30.6s; 30.6-38.3s; 38.3-45.9s; 45.9-53.6s; 53.6-61.2s,27,0.275929,0.532318,26.8s,id:92sXWVxRr0g,The Heist,funny_playful,2020
Genesis,upbeat_audio,-0.003004,46.2s,,16.8-25.2s,,0.059350,4.2s,0.0-8.4s; 58.8-67.2s,0.0-8.4s; 8.4-16.8s; 16.8-25.2s; 25.2-33.6s; 33.6-42.0s; 42.0-50.4s; 50.4-58.8s; 58.8-67.2s,28,0.395244,0.458245,21.0s,id:WTcXkxbukuk,Going Away Party,funny_playful,2020
Disney Plus,upbeat_audio,0.007882,13.2s,11.3-15.0s,3.8-7.5s; 18.8-22.6s; 26.3-30.1s,,0.054249,13.2s,,0.0-3.8s; 3.8-7.5s; 11.3-15.0s; 15.0-18.8s; 18.8-22.6s,29,0.392777,0.898575,28.2s,id:62EB4JniuTc,Trailer: Disney+,funny_playful,2020
Tide,upbeat_audio,-0.007436,8.5s,,0.0-1.9s; 11.3-13.2s; 13.2-15.1s,,0.054249,4.7s,,0.0-1.9s; 1.9-3.8s; 3.8-5.7s; 5.7-7.6s; 7.6-9.4s; 9.4-11.3s,30,0.431913,0.717086,0.9s,id:QASoewnOU0E,"Super Bowl now, #LaundryLater",funny_playful,2020
Tide,upbeat_audio,0.002511,31.0s,28.2-33.8s,33.8-39.4s; 39.4-45.0s,,0.067773,25.3s,16.9-22.5s; 22.5-28.2s; 33.8-39.4s,0.0-5.6s; 5.6-11.3s; 11.3-16.9s; 16.9-22.5s; 22.5-28.2s; 28.2-33.8s; 33.8-39.4s,31,0.392610,0.823190,42.2s,id:mPrLiNseyCc,"Wonder Woman now, #LaundryLater",funny_playful,2020
SodaStream,upbeat_audio,-0.005149,51.6s,,0.0-9.4s; 9.4-18.8s; 18.8-28.1s; 46.9-56.3s,65.7-75.0s,0.061911,51.6s,46.9-56.3s,0.0-9.4s; 9.4-18.8s; 18.8-28.1s; 28.1-37.5s; 37.5-46.9s; 46.9-56.3s,32,0.407950,0.550543,14.1s,id:Im1En6E4osw,SodaStream Discovers Water On Mars: Fresh Sparkling Water in Seconds,funny_playful,2020
Disney,dramatic_audio,0.008566,24.5s,22.6-26.3s,,,0.063925,24.5s,15.0-18.8s; 22.6-26.3s,0.0-3.8s; 11.3-15.0s; 15.0-18.8s; 18.8-22.6s; 22.6-26.3s; 26.3-30.1s,33,0.222888,0.445979,16.9s,id:8btMI_N8v8U,Trailer: Mulan,energetic_action,2020
Tide,humorous_audio,0.002154,4.7s,3.8-5.7s; 5.7-7.5s,13.2-15.1s,,0.069106,2.8s,0.0-1.9s; 1.9-3.8s; 3.8-5.7s; 5.7-7.5s; 7.5-9.4s; 9.4-11.3s; 11.3-13.2s,0.0-1.9s; 1.9-3.8s; 3.8-5.7s; 5.7-7.5s; 7.5-9.4s; 9.4-11.3s; 11.3-13.2s,34,0.357556,0.784855,14.2s,id:nUTCZKwUcno,"Bud Knight now, #LaundryLater",funny_playful,2020
Marvel Studios,dramatic_audio,0.025592,9.4s,7.5-11.3s,0.0-3.8s; 18.8-22.6s,,0.051652,16.9s,,3.8-7.5s; 7.5-11.3s; 11.3-15.0s; 15.0-18.8s; 18.8-22.6s; 22.6-26.3s; 26.3-30.1s,35,0.366953,0.750756,1.9s,id:lTL3OZkVMHQ,Trailer: Black Widow,dramatic_dark,2020
Olay,upbeat_audio,0.017721,28.3s,26.4-30.2s,22.6-26.4s,,0.059653,17.0s,15.1-18.9s; 18.9-22.6s; 26.4-30.2s,0.0-3.8s; 3.8-7.5s; 7.5-11.3s; 11.3-15.1s; 15.1-18.9s; 18.9-22.6s; 22.6-26.4s; 26.4-30.2s,36,0.364243,0.519885,24.5s,id:Q-0Ll60FkLg,Make Space For Women,funny_playful,2020
Illumination,upbeat_audio,-0.007119,18.1s,,16.0-20.1s,,0.058979,6.0s,4.0-8.0s; 16.0-20.1s; 24.1-28.1s,0.0-4.0s; 4.0-8.0s; 8.0-12.0s; 12.0-16.0s; 16.0-20.1s; 20.1-24.1s; 24.1-28.1s,37,0.260114,0.465298,18.1s,id:3Zibb6lVCRw,Trailer: Minions,funny_playful,2020
State Farm,calm_audio,-0.009964,13.2s,,0.0-3.8s; 7.5-11.3s; 11.3-15.1s; 15.1-18.8s; 26.4-30.1s,,0.070257,13.2s,3.8-7.5s; 7.5-11.3s; 11.3-15.1s,0.0-3.8s; 3.8-7.5s; 7.5-11.3s; 11.3-15.1s; 15.1-18.8s; 18.8-22.6s; 22.6-26.4s,38,0.470848,0.837674,28.2s,id:tEaTrmlZUgw,Back In The Office,funny_playful,2020
Facebook,upbeat_audio,-0.009544,48.9s,,7.5-15.0s,,0.060671,48.9s,45.1-52.7s,0.0-7.5s; 7.5-15.0s; 15.0-22.6s; 22.6-30.1s; 45.1-52.7s,39,0.296809,0.530115,11.3s,id:B0uYOOTz6kk,Facebook Groups: Ready to Rock?,funny_playful,2020
Metro Goldwyn Mayer,dramatic_audio,-0.005160,16.9s,,0.0-3.8s; 15.0-18.8s,,0.052771,28.2s,,0.0-3.8s; 3.8-7.5s; 7.5-11.3s; 11.3-15.0s; 15.0-18.8s; 22.6-26.3s; 26.3-30.1s,40,0.306670,0.486042,1.9s,id:7BgcG_l9J0A,Trailer: No Time to Die,funny_playful,2020
Audi,upbeat_audio,0.005816,18.8s,15.0-22.5s,,,0.056257,26.3s,22.5-30.0s,7.5-15.0s; 15.0-22.5s; 22.5-30.0s; 30.0-37.6s; 37.6-45.1s; 45.1-52.6s,41,0.280251,0.388001,18.8s,id:WvEAklsAAts,Let It Go,funny_playful,2020
Hulu,upbeat_audio,-0.007517,8.5s,,,33.9-39.5s; 39.5-45.1s,0.041079,36.7s,,0.0-5.6s; 5.6-11.3s; 11.3-16.9s; 22.6-28.2s; 28.2-33.9s; 33.9-39.5s; 39.5-45.1s,42,0.000000,0.000000,2.8s,id:6Ed61xjrZx8,Tom Brady's Big Announcement,dramatic_dark,2020
Michelob ULTRA Pure Gold,upbeat_audio,0.004550,48.9s,45.1-52.7s,22.6-30.1s; 30.1-37.6s; 37.6-45.1s,52.7-60.2s,0.059179,48.9s,15.0-22.6s; 45.1-52.7s,0.0-7.5s; 7.5-15.0s; 15.0-22.6s; 22.6-30.1s; 37.6-45.1s; 45.1-52.7s; 52.7-60.2s,43,0.435336,0.626471,33.9s,id:ANarZ_113Xc,6 for 6-Pack,funny_playful,2020
TurboTax,upbeat_audio,-0.000493,72.8s,,0.0-9.7s; 9.7-19.4s; 38.8-48.5s,,0.064157,63.1s,58.2-67.9s,0.0-9.7s; 9.7-19.4s; 19.4-29.1s; 29.1-38.8s; 38.8-48.5s; 48.5-58.2s; 58.2-67.9s; 67.9-77.6s,44,0.387389,0.714725,43.7s,id:cKD0XN1GaK4,All People Are Tax People Remix,funny_playful,2020
Pringles,upbeat_audio,-0.010818,20.8s,,0.0-3.8s,,0.040615,9.4s,,3.8-7.6s; 7.6-11.3s; 11.3-15.1s; 15.1-18.9s; 18.9-22.7s; 26.5-30.2s,45,0.352263,0.579774,1.9s,id:Ffu_LU6KpQI,Rick and Morty,funny_playful,2020
GMC,dramatic_audio,-0.007186,7.6s,,35.7-40.8s,,0.032061,17.8s,,5.1-10.2s; 10.2-15.3s; 15.3-20.4s; 20.4-25.5s; 30.6-35.7s,46,0.163416,0.486388,38.2s,id:t6EPPJHaCtw,Quiet Revolution,energetic_action,2020
Coca-Cola,upbeat_audio,0.014035,3.8s,0.0-7.5s,,,0.067581,3.8s,0.0-7.5s,0.0-7.5s; 7.5-15.0s; 22.5-30.1s; 37.6-45.1s; 45.1-52.6s; 52.6-60.1s,47,0.340441,0.423916,11.3s,id:-gAZRN3SCBw,Show Up,funny_playful,2020
Turkish Airlines,dramatic_audio,0.006691,6.2s,0.0-12.5s,62.3-74.8s,,0.056379,68.6s,62.3-74.8s; 74.8-87.3s,0.0-12.5s; 12.5-24.9s; 24.9-37.4s; 49.9-62.3s; 62.3-74.8s; 74.8-87.3s; 87.3-99.7s,48,0.224043,0.511431,68.6s,id:_fPV05xpVZE,Step On Earth,funny_playful,2020
Hard Rock,upbeat_audio,-0.006003,127.2s,,67.8-84.8s; 118.7-135.7s,,0.054722,93.3s,,0.0-17.0s; 17.0-33.9s; 33.9-50.9s; 67.8-84.8s; 84.8-101.8s; 101.8-118.7s; 118.7-135.7s,49,0.347005,0.495809,76.3s,id:pHYiE4W4EO8,The Hype,funny_playful,2020
Prime Video,upbeat_audio,0.011135,13.6s,9.0-18.1s; 18.1-27.1s,0.0-9.0s; 9.0-18.1s; 18.1-27.1s; 27.1-36.2s; 45.2-54.3s; 54.3-63.3s,27.1-36.2s; 54.3-63.3s,0.064207,40.7s,9.0-18.1s; 36.2-45.2s,0.0-9.0s; 9.0-18.1s; 18.1-27.1s; 27.1-36.2s; 36.2-45.2s; 45.2-54.3s; 63.3-72.4s,50,0.595570,0.939680,58.8s,id:D1dnw4t23P8,Trailer: Hunters,funny_playful,2020
IGN,dramatic_audio,-0.002487,20.8s,,26.5-30.2s,,0.057494,20.8s,0.0-3.8s; 18.9-22.7s,0.0-3.8s; 3.8-7.6s; 7.6-11.3s; 11.3-15.1s; 15.1-18.9s; 18.9-22.7s; 22.7-26.5s; 26.5-30.2s,51,0.283540,0.662739,28.3s,id:aWBETYEk92c,Trailer: Fast and Furious 9,energetic_action,2020
Avocados From Mexico,upbeat_audio,-0.009943,20.7s,,11.3-15.1s; 26.4-30.1s,26.4-30.1s,0.047706,24.5s,,3.8-7.5s; 7.5-11.3s; 15.1-18.8s; 18.8-22.6s; 22.6-26.4s,52,0.380986,0.592481,13.2s,id:UkGcjBySp78,The Avocados from Mexico Shopping Network,funny_playful,2020
Heinz,dramatic_audio,-0.016774,28.2s,,3.8-7.5s; 7.5-11.3s; 11.3-15.0s; 26.3-30.1s,,0.057075,9.4s,7.5-11.3s,0.0-3.8s; 3.8-7.5s; 7.5-11.3s; 11.3-15.0s; 15.0-18.8s; 22.6-26.3s,53,0.471945,0.900277,28.2s,id:cXw4sQJINgo,Find the Goodness,funny_playful,2020
Discover,upbeat_audio,0.020627,2.8s,0.0-1.9s; 1.9-3.8s; 3.8-5.6s; 7.5-9.4s,5.6-7.5s,5.6-7.5s,0.063818,4.7s,0.0-1.9s; 3.8-5.6s,0.0-1.9s; 1.9-3.8s; 3.8-5.6s; 7.5-9.4s; 9.4-11.3s; 11.3-13.2s,54,0.323318,0.655012,6.6s,id:TV2ffYHBtbM,No We Don’t Charge Annual Fees,funny_playful,2020
Pepsi,upbeat_audio,-0.001600,17.0s,,0.0-3.8s; 3.8-7.5s; 7.5-11.3s,26.4-30.2s,0.046764,17.0s,,0.0-3.8s; 3.8-7.5s; 7.5-11.3s; 15.1-18.9s; 18.9-22.6s; 22.6-26.4s,55,0.423332,0.678593,9.4s,id:ddADu4-A7Io,Zero Sugar. Done Right,funny_playful,2020
Discover,upbeat_audio,0.009708,0.9s,0.0-1.9s; 7.6-9.5s; 9.5-11.4s,,,0.069861,8.5s,7.6-9.5s,0.0-1.9s; 3.8-5.7s; 7.6-9.5s; 9.5-11.4s,56,0.241012,0.346838,4.7s,id:72wa-ufzZIs,Yes We’re Accepted,funny_playful,2020
Sabra,calm_audio,0.006642,138.7s,0.0-30.8s; 123.3-154.1s,,,0.031232,138.7s,,0.0-30.8s; 92.5-123.3s; 123.3-154.1s,57,0.242417,0.350839,46.2s,id:gzEeIKShYTU,How We ‘Muss,funny_playful,2020
Squarespace,humorous_audio,-0.008734,11.3s,,,,0.053523,20.3s,,0.0-4.5s; 9.0-13.6s; 13.6-18.1s; 18.1-22.6s; 22.6-27.1s,58,0.113172,0.151270,15.8s,id:TVqtGHcQeos,Winona in Winona,funny_playful,2020
Quibi,upbeat_audio,-0.015126,20.8s,,,,0.062114,24.5s,0.0-3.8s; 15.1-18.9s; 22.7-26.4s,0.0-3.8s; 3.8-7.6s; 7.6-11.3s; 11.3-15.1s; 15.1-18.9s; 18.9-22.7s; 22.7-26.4s; 26.4-30.2s,59,0.183358,0.263232,13.2s,id:N76DzOYxNyo,Bank Heist,funny_playful,2020
Michael Bloomberg Campaign,upbeat_audio,0.021441,26.3s,22.5-30.1s; 30.1-37.6s,,45.1-52.6s; 52.6-60.1s,0.046910,41.3s,,0.0-7.5s; 7.5-15.0s; 15.0-22.5s; 22.5-30.1s; 30.1-37.6s; 37.6-45.1s; 52.6-60.1s,60,0.226162,0.406716,26.3s,id:9Yp0yN8UxVg,George,funny_playful,2020
Pop-Tarts,upbeat_audio,-0.016207,17.0s,,22.6-26.4s; 26.4-30.2s,,0.048495,17.0s,,3.8-7.5s; 7.5-11.3s; 11.3-15.1s; 15.1-18.9s; 22.6-26.4s,61,0.349675,0.617263,28.3s,id:9k3yWV3I37A,Fixed the Pretzel,funny_playful,2020
Donald Trump Campaign,upbeat_audio,0.035911,1.9s,0.0-3.8s; 7.5-11.3s; 11.3-15.1s; 18.8-22.6s,,3.8-7.5s,0.056244,20.7s,18.8-22.6s,0.0-3.8s; 7.5-11.3s; 11.3-15.1s; 18.8-22.6s; 22.6-26.4s,62,0.007485,0.053413,28.2s,id:Xtv_PJE8xns,Criminal Justice Reform,dramatic_dark,2020
Rocket Mortgage,upbeat_audio,-0.000073,41.3s,,,,0.055515,18.8s,15.0-22.5s,0.0-7.5s; 7.5-15.0s; 15.0-22.5s; 22.5-30.0s; 30.0-37.5s; 37.5-45.0s; 45.0-52.5s; 52.5-60.0s,1,0.205613,0.278949,33.8s,id:D7HsgGnFo1A,"Certain Is Better – Tracy Morgan, Dave Bautista & Liza Koshy",funny_playful,2021
Rocket Mortgage,upbeat_audio,-0.022501,75.2s,,,50.1-60.2s; 60.2-70.2s; 70.2-80.2s,0.057169,35.1s,30.1-40.1s,0.0-10.0s; 10.0-20.1s; 20.1-30.1s; 30.1-40.1s; 40.1-50.1s; 60.2-70.2s; 70.2-80.2s,2,0.160392,0.243454,45.1s,id:_YWWTRse57E,Certain Is Better – Tracy Morgan & Joey Bosa,funny_playful,2021
Amazon,upbeat_audio,0.015621,11.3s,7.5-15.0s; 15.0-22.5s,30.1-37.6s; 45.1-52.6s; 52.6-60.1s,,0.062368,18.8s,15.0-22.5s; 30.1-37.6s; 45.1-52.6s,0.0-7.5s; 7.5-15.0s; 15.0-22.5s; 22.5-30.1s; 30.1-37.6s; 37.6-45.1s; 45.1-52.6s; 52.6-60.1s,3,0.367290,0.570810,48.8s,id:xxNxqveseyI,Alexa’s Body,funny_playful,2021
M&M’S,upbeat_audio,-0.006298,52.4s,,42.0-48.9s; 48.9-55.9s,,0.050881,10.5s,,0.0-7.0s; 7.0-14.0s; 14.0-21.0s; 21.0-28.0s; 28.0-35.0s; 35.0-42.0s,4,0.386529,0.740647,45.4s,id:lKUcHcizEMc,Come Together,funny_playful,2021
Toyota,dramatic_audio,-0.004541,66.5s,,0.0-8.9s; 8.9-17.7s; 17.7-26.6s; 26.6-35.5s; 44.4-53.2s; 53.2-62.1s; 62.1-71.0s,35.5-44.4s; 53.2-62.1s,0.061158,48.8s,44.4-53.2s,0.0-8.9s; 17.7-26.6s; 26.6-35.5s; 35.5-44.4s; 44.4-53.2s,5,0.621758,0.896466,13.3s,id:fqWG5_7nwyk,Upstream,funny_playful,2021
General Motors,upbeat_audio,0.001677,94.3s,87.1-101.6s,58.1-72.6s; 101.6-116.1s,,0.057766,79.8s,72.6-87.1s,0.0-14.5s; 14.5-29.0s; 29.0-43.5s; 43.5-58.1s; 58.1-72.6s; 72.6-87.1s; 87.1-101.6s,6,0.385682,0.516022,65.3s,id:LxBQ2Q39Tq4,No Way Norway,funny_playful,2021
Cheetos,upbeat_audio,0.009885,67.5s,62.3-72.7s,62.3-72.7s; 72.7-83.1s,,0.050939,26.0s,,0.0-10.4s; 10.4-20.8s; 20.8-31.1s; 31.1-41.5s; 41.5-51.9s; 62.3-72.7s,7,0.333485,0.851324,67.5s,id:o7yvrDTtsHw,It Wasn’t Me,funny_playful,2021
State Farm,upbeat_audio,0.000720,17.0s,15.1-18.9s,15.1-18.9s; 18.9-22.6s; 22.6-26.4s; 26.4-30.2s,,0.053907,17.0s,,0.0-3.8s; 3.8-7.5s; 7.5-11.3s; 11.3-15.1s; 15.1-18.9s; 18.9-22.6s; 22.6-26.4s; 26.4-30.2s,8,0.462651,0.561329,28.3s,id:lvpq2OjmJvg,Drake from State Farm,funny_playful,2021
Doritos,upbeat_audio,0.020377,11.5s,7.6-15.3s,22.9-30.6s; 30.6-38.2s; 38.2-45.9s,,0.051860,34.4s,,0.0-7.6s; 7.6-15.3s; 15.3-22.9s; 22.9-30.6s; 30.6-38.2s; 38.2-45.9s; 45.9-53.5s; 53.5-61.2s,9,0.391659,0.638969,26.8s,id:BLuqtTn4610,Flat Matthew,funny_playful,2021
Bud Light Seltzer Lemonade,upbeat_audio,0.014695,33.8s,30.1-37.6s,7.5-15.0s,52.6-60.2s,0.066411,33.8s,22.6-30.1s; 30.1-37.6s,0.0-7.5s; 7.5-15.0s; 15.0-22.6s; 22.6-30.1s; 30.1-37.6s; 37.6-45.1s; 45.1-52.6s,10,0.255501,0.458500,11.3s,id:g6CVKs77X74,Last Year’s Lemons,funny_playful,2021
DoorDash,upbeat_audio,-0.026970,41.4s,,,,0.063770,11.3s,7.5-15.1s; 15.1-22.6s,0.0-7.5s; 7.5-15.1s; 15.1-22.6s; 22.6-30.1s; 30.1-37.7s; 37.7-45.2s; 45.2-52.7s,11,0.301276,0.432791,18.8s,id:HZW-NUvSVOI,The Neighborhood,funny_playful,2021
Jeep,upbeat_audio,-0.020792,57.0s,,,113.9-130.2s,0.049952,89.5s,,0.0-16.3s; 32.5-48.8s; 48.8-65.1s; 65.1-81.4s; 81.4-97.6s,12,0.207592,0.430309,24.4s,id:D2XYH-IEvhI,The Middle,funny_playful,2021
T-Mobile,upbeat_audio,0.006733,56.5s,37.7-45.2s; 52.7-60.3s,,,0.053152,41.4s,,0.0-7.5s; 7.5-15.1s; 15.1-22.6s; 22.6-30.1s; 30.1-37.7s; 37.7-45.2s; 45.2-52.7s; 52.7-60.3s,13,0.295321,0.363024,26.4s,id:HxllNfjYw2U,Rockstar 5G,funny_playful,2021
Tide,upbeat_audio,-0.008513,18.8s,,,,0.067727,26.3s,15.1-22.6s; 22.6-30.1s; 37.6-45.2s,0.0-7.5s; 7.5-15.1s; 15.1-22.6s; 22.6-30.1s; 30.1-37.6s; 37.6-45.2s; 45.2-52.7s; 52.7-60.2s,14,0.276663,0.341708,41.4s,id:YvjuL6Bci6M,The Jason Alexander Hoodie,funny_playful,2021
Anheuser-Busch,upbeat_audio,-0.018543,26.3s,,37.6-45.1s,,0.064071,18.8s,15.0-22.6s; 22.6-30.1s,0.0-7.5s; 7.5-15.0s; 15.0-22.6s; 22.6-30.1s; 30.1-37.6s; 37.6-45.1s; 45.1-52.7s,15,0.261995,0.611044,41.4s,id:Gq7QhjTJAFo,Let's Grab a Beer,funny_playful,2021
Huggies,upbeat_audio,0.006935,17.0s,7.5-11.3s; 11.3-15.1s; 15.1-18.9s; 26.4-30.2s,0.0-3.8s; 11.3-15.1s; 15.1-18.9s; 18.9-22.6s,,0.051304,17.0s,,0.0-3.8s; 3.8-7.5s; 7.5-11.3s; 11.3-15.1s; 15.1-18.9s; 18.9-22.6s; 22.6-26.4s; 26.4-30.2s,16,0.452718,0.614893,17.0s,id:aaC457-XO9M,"Welcome to the World, Baby",funny_playful,2021
T-Mobile,upbeat_audio,-0.016781,56.5s,,0.0-7.5s; 52.7-60.3s,,0.051055,18.8s,,7.5-15.1s; 15.1-22.6s; 22.6-30.1s; 30.1-37.7s; 37.7-45.2s; 45.2-52.7s,17,0.373779,0.790215,56.5s,id:VtW3OhQpyh0,Family Drama 5G,energetic_action,2021
Bud Light,upbeat_audio,0.007541,48.9s,45.2-52.7s,,,0.056679,48.9s,7.5-15.1s; 45.2-52.7s,0.0-7.5s; 7.5-15.1s; 15.1-22.6s; 22.6-30.1s; 30.1-37.6s; 37.6-45.2s; 45.2-52.7s; 52.7-60.2s,18,0.257740,0.335601,26.4s,id:X9jkvq4-tCU,Bud Light Legends,funny_playful,2021
NFL,upbeat_audio,0.003639,26.3s,22.5-30.1s,37.6-45.1s; 45.1-52.6s,,0.062203,41.3s,22.5-30.1s; 37.6-45.1s; 45.1-52.6s,0.0-7.5s; 7.5-15.0s; 15.0-22.5s; 22.5-30.1s; 37.6-45.1s; 45.1-52.6s,19,0.372293,0.549264,48.8s,id:lxnr2EmRnz0,As One,dramatic_dark,2021
Cadillac,dramatic_audio,-0.005062,66.5s,,62.1-71.0s,,0.045323,39.9s,,0.0-8.9s; 8.9-17.7s; 17.7-26.6s; 26.6-35.5s; 35.5-44.4s; 44.4-53.2s; 53.2-62.1s,20,0.247443,0.495660,66.5s,id:PeXiA0BewhU,ScissorHandsFree,funny_playful,2021
Uber Eats,upbeat_audio,0.014992,26.3s,22.5-30.0s; 37.5-45.0s; 45.0-52.5s,,,0.056549,41.3s,37.5-45.0s,0.0-7.5s; 7.5-15.0s; 15.0-22.5s; 22.5-30.0s; 30.0-37.5s; 37.5-45.0s; 45.0-52.5s; 52.5-60.0s,21,0.290826,0.320635,56.3s,id:D-Q3HNp6dew,Wayne's World & Cardi B's Shameless Manipulation,funny_playful,2021
Scotts Miracle-Gro,upbeat_audio,-0.030890,14.4s,,0.0-5.8s; 5.8-11.5s; 17.3-23.1s; 28.8-34.6s; 34.6-40.4s,,0.041757,43.3s,,0.0-5.8s; 11.5-17.3s; 23.1-28.8s; 28.8-34.6s; 40.4-46.1s,22,0.470443,0.605634,20.2s,id:-QKt8GtRUOA,Keep Growing,funny_playful,2021
E-Trade,upbeat_audio,-0.009745,28.3s,,,26.4-30.1s,0.059087,20.7s,18.8-22.6s,0.0-3.8s; 3.8-7.5s; 7.5-11.3s; 11.3-15.1s; 15.1-18.8s; 18.8-22.6s,23,0.246626,0.342353,24.5s,id:64ba2Pp4J94,Workout,funny_playful,2021
Bass Pro Shops and Cabela’s,upbeat_audio,-0.011275,11.3s,,,52.6-60.1s,0.046107,48.8s,,0.0-7.5s; 7.5-15.0s; 15.0-22.5s; 22.5-30.0s; 30.0-37.5s; 37.5-45.1s; 45.1-52.6s,24,0.293960,0.445309,26.3s,id:yfLz54hzpPs,Get Back to Nature,funny_playful,2021
Michelob ULTRA,upbeat_audio,0.021999,11.3s,0.0-7.5s; 7.5-15.0s; 15.0-22.6s,,,0.058114,41.3s,37.6-45.1s,0.0-7.5s; 7.5-15.0s; 15.0-22.6s; 22.6-30.1s; 30.1-37.6s; 37.6-45.1s; 45.1-52.6s,25,0.085195,0.372813,41.3s,id:6nzZW8BN-WY,Happy,funny_playful,2021
Indeed,upbeat_audio,-0.010833,41.4s,,,,0.053404,3.8s,,0.0-7.5s; 7.5-15.0s; 15.0-22.6s; 22.6-30.1s; 30.1-37.6s; 37.6-45.1s; 45.1-52.7s; 52.7-60.2s,26,0.295442,0.432771,11.3s,id:pZodu9AgwZE,The Rising,funny_playful,2021
Paramount Plus,upbeat_audio,-0.007656,41.3s,,,,0.060884,26.3s,22.5-30.1s,0.0-7.5s; 7.5-15.0s; 15.0-22.5s; 22.5-30.1s; 30.1-37.6s; 37.6-45.1s; 45.1-52.6s,27,0.225362,0.370831,41.3s,id:LVuTCDB1iMc,Sweet Victory,funny_playful,2021
Michelob ULTRA Organic Seltzer,upbeat_audio,-0.012894,56.4s,,,,0.058521,18.8s,15.0-22.6s,0.0-7.5s; 7.5-15.0s; 15.0-22.6s; 22.6-30.1s; 30.1-37.6s; 45.1-52.7s; 52.7-60.2s,28,0.291540,0.424042,26.3s,id:3F1KdZCJ6Vg,All Star Cast,funny_playful,2021
Amazon Prime Video,upbeat_audio,0.002368,24.4s,22.6-26.3s,18.8-22.6s; 26.3-30.1s,26.3-30.1s,0.072169,24.4s,0.0-3.8s; 11.3-15.0s; 15.0-18.8s; 18.8-22.6s; 22.6-26.3s,0.0-3.8s; 3.8-7.5s; 7.5-11.3s; 11.3-15.0s; 15.0-18.8s; 18.8-22.6s; 22.6-26.3s,29,0.447772,0.756764,28.2s,id:LDjkRh_2280,Teaser: Coming 2 America,funny_playful,2021
Disney Plus,upbeat_audio,-0.022710,5.7s,,11.3-15.1s; 15.1-18.9s; 26.5-30.2s,,0.069975,20.8s,15.1-18.9s; 18.9-22.7s,0.0-3.8s; 3.8-7.6s; 15.1-18.9s; 18.9-22.7s; 22.7-26.5s; 26.5-30.2s,30,0.420808,0.592974,17.0s,id:RVDq1OvwZ6o,Teaser: The Falcon and The Winter Soldier,energetic_action,2021
Verizon,upbeat_audio,-0.008117,26.4s,,52.7-60.3s,,0.059466,18.8s,15.1-22.6s,0.0-7.5s; 7.5-15.1s; 15.1-22.6s; 22.6-30.1s; 30.1-37.7s; 37.7-45.2s; 45.2-52.7s; 52.7-60.3s,31,0.274220,0.629394,56.5s,id:VNXFuqYMCNc,Can’t Blame the Lag,funny_playful,2021
Dexcom,upbeat_audio,-0.008606,1.9s,,,26.3-30.1s,0.047885,9.4s,,0.0-3.8s; 3.8-7.5s; 7.5-11.3s; 11.3-15.0s; 15.0-18.8s; 22.6-26.3s,32,0.144286,0.204756,13.2s,id:zN8naTqX3TI,Rant,funny_playful,2021
Paramount Plus,upbeat_audio,0.019095,9.4s,7.5-11.3s; 18.9-22.6s,,0.0-3.8s,0.060409,9.4s,7.5-11.3s,0.0-3.8s; 3.8-7.5s; 7.5-11.3s; 11.3-15.1s; 15.1-18.9s; 18.9-22.6s; 22.6-26.4s; 26.4-30.2s,33,0.180781,0.282637,28.3s,id:IMFO8EX1sdg,Ice Bridge 'Crack',funny_playful,2021
Jimmy John's,upbeat_audio,-0.005645,28.2s,,,,0.069483,28.2s,11.3-15.0s; 18.8-22.6s; 26.3-30.1s,0.0-3.8s; 3.8-7.5s; 7.5-11.3s; 11.3-15.0s; 15.0-18.8s; 18.8-22.6s; 26.3-30.1s,34,0.359921,0.440145,28.2s,id:7ZUT9ftBWI8,Meet the King,funny_playful,2021
Paramount Plus,upbeat_audio,-0.001904,20.7s,,,,0.064763,9.4s,7.5-11.3s; 15.1-18.9s,0.0-3.8s; 3.8-7.5s; 7.5-11.3s; 11.3-15.1s; 15.1-18.9s; 18.9-22.6s; 22.6-26.4s; 26.4-30.2s,35,0.207995,0.321841,28.3s,id:n1G2GzPtq3s,Roll Call,funny_playful,2021
WeatherTech,upbeat_audio,0.016712,13.2s,3.8-7.5s; 11.3-15.1s; 15.1-18.9s; 22.6-26.4s,3.8-7.5s,,0.040334,5.7s,,0.0-3.8s; 3.8-7.5s; 7.5-11.3s; 11.3-15.1s; 15.1-18.9s; 22.6-26.4s,36,0.303121,0.454252,5.7s,id:R2Wkk-TDnRQ,WeatherTech We Never Left,funny_playful,2021
Squarespace,upbeat_audio,-0.000705,12.6s,,,,0.057561,12.6s,8.4-16.8s; 33.6-42.0s,0.0-8.4s; 8.4-16.8s; 16.8-25.2s; 33.6-42.0s; 42.0-50.4s; 50.4-58.8s,38,0.201582,0.386455,46.2s,id:LWs5eq1B34Y,5 to 9 by Dolly Parton,funny_playful,2021
Chipotle,upbeat_audio,0.006199,5.6s,3.8-7.5s,,,0.059996,9.4s,7.5-11.3s; 18.8-22.6s,0.0-3.8s; 3.8-7.5s; 7.5-11.3s; 11.3-15.0s; 15.0-18.8s; 18.8-22.6s; 22.6-26.3s,39,0.214127,0.242173,5.6s,id:BkXHqihY4RE,Can a Burrito Change the World?,funny_playful,2021
Logitech,upbeat_audio,0.030039,3.8s,0.0-7.5s; 7.5-15.1s; 52.7-60.2s,22.6-30.1s,,0.059621,11.3s,7.5-15.1s,0.0-7.5s; 7.5-15.1s; 15.1-22.6s; 22.6-30.1s; 30.1-37.6s; 37.6-45.2s; 45.2-52.7s; 52.7-60.2s,40,0.351376,0.583580,26.4s,id:3dBl1iwqqbw,Defy Logic,funny_playful,2021
Dr. Squatch,upbeat_audio,0.017727,28.2s,15.0-18.8s; 18.8-22.5s; 26.3-30.0s,,,0.060201,28.2s,26.3-30.0s,0.0-3.8s; 7.5-11.3s; 11.3-15.0s; 15.0-18.8s; 18.8-22.5s; 22.5-26.3s; 26.3-30.0s,41,0.327170,0.442115,5.6s,id:vDHNMqOLw_o,You’re Not A Dish,funny_playful,2021
Vroom,upbeat_audio,0.015868,9.4s,7.5-11.3s; 11.3-15.1s,26.4-30.2s,26.4-30.2s,0.069037,9.4s,3.8-7.5s; 7.5-11.3s; 11.3-15.1s,0.0-3.8s; 3.8-7.5s; 7.5-11.3s; 11.3-15.1s; 15.1-18.9s; 18.9-22.6s; 22.6-26.4s,42,0.380875,0.847799,28.3s,id:haXc74orwhg,Dealership Pain,funny_playful,2021
Fiverr,upbeat_audio,-0.014962,24.5s,,,,0.064986,24.5s,0.0-3.8s; 22.6-26.3s,0.0-3.8s; 3.8-7.5s; 7.5-11.3s; 11.3-15.0s; 18.8-22.6s; 22.6-26.3s,43,0.263272,0.416460,16.9s,id:l06wclO4-fM,Opportunity Knocks,funny_playful,2021
Pringles,upbeat_audio,0.005645,9.4s,7.5-11.3s,,,0.062384,9.4s,7.5-11.3s,0.0-3.8s; 3.8-7.5s; 7.5-11.3s; 11.3-15.0s; 15.0-18.8s; 18.8-22.6s; 22.6-26.3s,44,0.308103,0.406153,13.2s,id:Meuc2d3SICM,Space Return,funny_playful,2021
WeatherTech,upbeat_audio,0.008196,13.2s,0.0-3.8s; 11.3-15.1s,,,0.034218,28.3s,,0.0-3.8s; 7.5-11.3s; 11.3-15.1s; 22.6-26.4s; 26.4-30.1s,45,0.230305,0.297901,20.7s,id:rF6Jjm5547k,WeatherTech Family,funny_playful,2021
Hellmann's,upbeat_audio,0.005496,1.9s,0.0-3.8s,,,0.049047,5.7s,,0.0-3.8s; 3.8-7.5s; 7.5-11.3s; 11.3-15.1s; 15.1-18.9s; 18.9-22.6s; 22.6-26.4s,46,0.322669,0.407104,28.3s,id:9dtbbMddugE,Hellmann’s Fairy Godmayo,funny_playful,2021
TurboTax,upbeat_audio,-0.016464,25.4s,,16.9-22.6s; 39.5-45.1s,,0.057219,25.4s,22.6-28.2s,5.6-11.3s; 11.3-16.9s; 16.9-22.6s; 22.6-28.2s; 28.2-33.9s; 33.9-39.5s,47,0.455551,0.885365,42.3s,id:3bqk-JJsYWg,Spreading Tax Expertise Across The Land,funny_playful,2021
MTN Dew Major Melon,upbeat_audio,0.005725,24.5s,15.0-18.8s; 22.6-26.3s,,,0.053862,24.5s,,0.0-3.8s; 3.8-7.5s; 7.5-11.3s; 11.3-15.0s; 15.0-18.8s; 22.6-26.3s,48,0.311499,0.368602,16.9s,id:9cEiYQwYLPk,Mtn Dew Major Melon Bottle Count,funny_playful,2021
Universal,upbeat_audio,0.006269,24.5s,22.6-26.3s,18.8-22.6s,,0.073088,24.5s,3.8-7.5s; 7.5-11.3s; 11.3-15.0s; 15.0-18.8s; 22.6-26.3s,0.0-3.8s; 3.8-7.5s; 7.5-11.3s; 11.3-15.0s; 15.0-18.8s; 18.8-22.6s; 22.6-26.3s,49,0.316728,0.465941,20.7s,id:eB1m-WogYeg,Teaser: Old,funny_playful,2021
Inspiration4,upbeat_audio,0.004604,1.9s,0.0-3.8s,22.6-26.3s,,0.035633,16.9s,,11.3-15.0s; 15.0-18.8s; 26.3-30.1s,50,0.123311,0.517369,24.5s,id:_nwSmOEiDls,Join The First All-Civilian Space Mission,dramatic_dark,2021
Disney Plus,upbeat_audio,0.003663,13.2s,11.3-15.0s,3.8-7.5s; 7.5-11.3s; 18.8-22.6s; 26.3-30.1s,26.3-30.1s,0.063094,1.9s,0.0-3.8s; 11.3-15.0s,0.0-3.8s; 11.3-15.0s; 15.0-18.8s,51,0.523711,0.820750,20.7s,id:oRQckLs_0ro,Get Your Stream on With The Disney Bundle,funny_playful,2021
Guaranteed Rate,upbeat_audio,-0.002134,56.4s,,,7.5-15.0s; 52.7-60.2s,0.056359,41.4s,37.6-45.1s; 52.7-60.2s,0.0-7.5s; 15.0-22.6s; 30.1-37.6s; 37.6-45.1s; 45.1-52.7s; 52.7-60.2s,52,0.192278,0.272269,56.4s,id:Nf0QvCq3quk,Believe You Will,funny_playful,2021
Klarna,upbeat_audio,-0.007760,24.5s,,,,0.063321,1.9s,0.0-3.8s,0.0-3.8s; 3.8-7.5s; 7.5-11.3s; 11.3-15.1s; 15.1-18.8s; 18.8-22.6s; 22.6-26.4s; 26.4-30.1s,53,0.181680,0.191983,13.2s,id:GeLM3-J4BlU,Klarna Presents: The Four Quarter-Sized Cowboys,funny_playful,2021
Skechers,upbeat_audio,-0.003396,16.9s,,,26.3-30.0s,0.048510,13.1s,,0.0-3.8s; 3.8-7.5s; 7.5-11.3s; 11.3-15.0s; 15.0-18.8s; 22.5-26.3s,54,0.224373,0.341974,16.9s,id:dgu5ppBIr9A,Tony Romo for Skechers Max Cushioning,funny_playful,2021
Mercari,upbeat_audio,-0.008524,8.6s,,7.6-9.5s; 9.5-11.5s; 13.4-15.3s,,0.057470,8.6s,7.6-9.5s,0.0-1.9s; 1.9-3.8s; 3.8-5.7s; 5.7-7.6s; 7.6-9.5s; 9.5-11.5s; 11.5-13.4s,55,0.404853,0.591345,10.5s,id:K6nwCssL-aU,Get Your Unused Things Back in the Game,funny_playful,2021
Robinhood,upbeat_audio,-0.002032,9.4s,,7.6-11.3s; 15.1-18.9s; 22.7-26.5s; 26.5-30.2s,,0.061090,1.9s,0.0-3.8s; 3.8-7.6s; 7.6-11.3s,0.0-3.8s; 3.8-7.6s; 7.6-11.3s; 11.3-15.1s; 15.1-18.9s; 18.9-22.7s; 22.7-26.5s,56,0.417054,0.558319,9.4s,id:6dd8cZfSIK0,We Are All Investors,funny_playful,2021
Oatly,upbeat_audio,0.012231,5.7s,3.8-7.5s; 7.5-11.3s; 11.3-15.1s,,,0.054773,5.7s,,0.0-3.8s; 3.8-7.5s; 7.5-11.3s; 11.3-15.1s; 15.1-18.9s; 18.9-22.6s; 22.6-26.4s,57,0.233204,0.277256,20.7s,id:r2-f-qBcQFs,Wow Wow No Cow,funny_playful,2021
Rocket Homes and Rocket Mortgage,upbeat_audio,0.003045,48.9s,45.2-52.7s,7.5-15.1s,7.5-15.1s; 52.7-60.2s,0.069486,48.9s,37.6-45.2s; 45.2-52.7s,0.0-7.5s; 15.1-22.6s; 22.6-30.1s; 30.1-37.6s; 37.6-45.2s; 45.2-52.7s,1,0.298770,0.551320,11.3s,id:9tFBAmMIsds,Dream House with Anna Kendrick and Barbie,funny_playful,2022
Amazon,upbeat_audio,-0.002181,3.8s,,52.6-60.1s,,0.062895,3.8s,0.0-7.5s,0.0-7.5s; 7.5-15.0s; 15.0-22.5s; 22.5-30.1s; 30.1-37.6s; 37.6-45.1s; 45.1-52.6s; 52.6-60.1s,2,0.260450,0.518435,56.4s,id:d3t-nXgGa4c,Mind Reader,funny_playful,2022
Doritos/Cheetos Flamin' Hot,upbeat_audio,-0.006474,18.8s,,,,0.055289,3.8s,0.0-7.5s,0.0-7.5s; 7.5-15.0s; 15.0-22.5s; 22.5-30.1s; 30.1-37.6s; 37.6-45.1s; 45.1-52.6s,3,0.274200,0.343287,56.4s,id:YCLPiIAKqZY,Push It,funny_playful,2022
Kia,upbeat_audio,0.008098,13.2s,8.8-17.5s,17.5-26.3s; 61.4-70.2s,,0.047709,39.5s,,0.0-8.8s; 8.8-17.5s; 17.5-26.3s; 26.3-35.1s; 35.1-43.9s; 43.9-52.6s; 52.6-61.4s; 61.4-70.2s,4,0.439137,0.641980,21.9s,id:HoNMz_OV_dI,Robo Dog | The All-Electric Kia EV6,funny_playful,2022
Toyota,upbeat_audio,0.039005,39.4s,0.0-11.3s; 11.3-22.5s; 22.5-33.8s; 33.8-45.1s,67.6-78.9s; 78.9-90.1s,,0.064744,16.9s,11.3-22.5s; 33.8-45.1s; 45.1-56.3s; 67.6-78.9s; 78.9-90.1s,0.0-11.3s; 11.3-22.5s; 22.5-33.8s; 33.8-45.1s; 45.1-56.3s; 56.3-67.6s; 67.6-78.9s; 78.9-90.1s,5,0.330154,0.452680,84.5s,id:x_UgHZdjgvQ,Brothers,funny_playful,2022
Lay's,upbeat_audio,-0.007353,56.4s,,,,0.063501,48.9s,45.1-52.7s; 52.7-60.2s,0.0-7.5s; 7.5-15.0s; 15.0-22.6s; 22.6-30.1s; 30.1-37.6s; 37.6-45.1s; 45.1-52.7s; 52.7-60.2s,6,0.247296,0.305304,56.4s,id:0KjatG0hqwE,Golden Memories,funny_playful,2022
BMW,upbeat_audio,-0.005296,3.8s,,,,0.067997,3.8s,0.0-7.5s; 22.5-30.1s,0.0-7.5s; 7.5-15.0s; 15.0-22.5s; 22.5-30.1s; 30.1-37.6s; 37.6-45.1s; 52.6-60.1s,7,0.209554,0.313366,33.8s,id:nUC1QA5gRcU,Zeus & Hera,funny_playful,2022
NFL,upbeat_audio,0.009104,7.5s,0.0-15.0s; 90.2-105.2s,,,0.054417,82.7s,,0.0-15.0s; 15.0-30.1s; 45.1-60.1s; 60.1-75.2s; 75.2-90.2s; 90.2-105.2s; 105.2-120.3s,8,0.258153,0.398477,82.7s,id:8PhfMtZce1k,Bring Down The House,funny_playful,2022
Toyota,upbeat_audio,0.010700,48.9s,30.1-37.6s; 37.6-45.2s; 45.2-52.7s,,,0.058082,41.4s,37.6-45.2s,0.0-7.5s; 7.5-15.1s; 22.6-30.1s; 30.1-37.6s; 37.6-45.2s; 45.2-52.7s; 52.7-60.2s,9,0.293374,0.437581,18.8s,id:AtQIz5pkwwg,The Joneses,funny_playful,2022
E-Trade,upbeat_audio,-0.007400,5.7s,,,,0.041637,9.4s,,0.0-3.8s; 3.8-7.5s; 7.5-11.3s; 11.3-15.1s; 15.1-18.9s; 18.9-22.6s; 22.6-26.4s,10,0.232904,0.278891,5.7s,id:4XTdIxmY5UI,Off the Grid,funny_playful,2022
Nissan,upbeat_audio,0.005787,26.3s,22.6-30.1s,,,0.064527,26.3s,22.6-30.1s,0.0-7.5s; 7.5-15.0s; 15.0-22.6s; 22.6-30.1s; 30.1-37.6s; 37.6-45.1s; 45.1-52.7s; 52.7-60.2s,11,0.230704,0.315078,48.9s,id:Bu56KAaIcac,Thrill Driver,funny_playful,2022
Michelob ULTRA,upbeat_audio,0.005192,39.2s,33.6-44.8s,0.0-11.2s; 11.2-22.4s; 22.4-33.6s; 33.6-44.8s; 67.2-78.4s; 78.4-89.6s,,0.059643,28.0s,22.4-33.6s; 67.2-78.4s,0.0-11.2s; 11.2-22.4s; 22.4-33.6s; 33.6-44.8s; 44.8-56.0s; 67.2-78.4s,12,0.487430,0.560449,28.0s,id:A_2cMNhm1z4,Superior Bowl,funny_playful,2022
General Motors,upbeat_audio,-0.003072,19.1s,,89.1-101.8s,,0.053771,19.1s,,0.0-12.7s; 12.7-25.4s; 25.4-38.2s; 38.2-50.9s; 50.9-63.6s; 63.6-76.3s; 76.3-89.1s,14,0.254062,0.486957,95.4s,id:HoqiQtc79CQ,Dr. EV-il,funny_playful,2022
Budweiser,dramatic_audio,0.023041,48.9s,22.6-30.1s; 30.1-37.6s; 37.6-45.1s; 45.1-52.6s,,,0.052984,48.9s,,0.0-7.5s; 22.6-30.1s; 30.1-37.6s; 37.6-45.1s; 45.1-52.6s; 52.6-60.1s,15,0.226678,0.366653,26.3s,id:A4JUPLdn3Hc,Clydesdale’s Journey,dramatic_dark,2022
Verizon,upbeat_audio,0.001261,11.3s,0.0-7.5s; 7.5-15.1s,,,0.058332,26.3s,22.6-30.1s; 37.6-45.2s,0.0-7.5s; 7.5-15.1s; 15.1-22.6s; 22.6-30.1s; 30.1-37.6s; 37.6-45.2s; 45.2-52.7s,16,0.191453,0.264430,33.9s,id:Z6HbCcSKJGQ,Goodbye Cable,funny_playful,2022
FTX,upbeat_audio,-0.000952,33.9s,,,,0.075700,18.8s,0.0-7.5s; 7.5-15.1s; 15.1-22.6s; 22.6-30.1s; 30.1-37.6s,0.0-7.5s; 7.5-15.1s; 15.1-22.6s; 22.6-30.1s; 30.1-37.6s; 37.6-45.2s; 45.2-52.7s; 52.7-60.2s,17,0.232531,0.284480,11.3s,id:sUyEkW0zOh0,Don't Miss Out,funny_playful,2022
Disney Plus,upbeat_audio,-0.023541,28.2s,,26.3-30.1s,,0.056705,5.6s,3.8-7.5s,0.0-3.8s; 3.8-7.5s; 7.5-11.3s; 15.0-18.8s; 18.8-22.6s; 22.6-26.3s; 26.3-30.1s,19,0.245729,0.576250,28.2s,id:AV8NXzi5Lj0,Disney+ Has All the GOATs,funny_playful,2022
Google,upbeat_audio,0.021243,26.3s,22.6-30.1s,,15.0-22.6s; 52.6-60.2s,0.035508,26.3s,,7.5-15.0s; 22.6-30.1s; 30.1-37.6s; 37.6-45.1s; 45.1-52.6s,20,0.196874,0.430579,33.8s,id:XhUgcYw9cj4,Seen on Pixel,funny_playful,2022
Avocados From Mexico,upbeat_audio,0.007055,13.2s,11.3-15.1s; 15.1-18.8s,26.4-30.1s,,0.070747,24.5s,0.0-3.8s; 7.5-11.3s; 11.3-15.1s; 15.1-18.8s; 18.8-22.6s; 22.6-26.4s,0.0-3.8s; 3.8-7.5s; 7.5-11.3s; 11.3-15.1s; 15.1-18.8s; 18.8-22.6s; 22.6-26.4s,21,0.284888,0.459221,28.2s,id:SVI2AQj_eU0,Colosseum Tailgate,funny_playful,2022
Greenlight,upbeat_audio,-0.011828,24.5s,,3.8-7.5s; 26.4-30.2s,,0.063161,13.2s,3.8-7.5s; 11.3-15.1s,0.0-3.8s; 3.8-7.5s; 7.5-11.3s; 11.3-15.1s; 15.1-18.9s; 18.9-22.6s; 22.6-26.4s,22,0.340587,0.660916,28.3s,id:RcSQ-tftM0c,I'll take it,funny_playful,2022
Planet Fitness,upbeat_audio,0.000773,21.7s,19.8-23.7s,4.0-7.9s,,0.030149,21.7s,,19.8-23.7s,23,0.393345,0.477808,5.9s,id:SnoVFlMMdK8,What’s Gotten into Lindsay?,funny_playful,2022
Squarespace,upbeat_audio,0.011086,2.3s,0.0-4.5s; 22.6-27.1s,13.6-18.1s,,0.046645,20.3s,,0.0-4.5s; 9.0-13.6s; 18.1-22.6s; 22.6-27.1s; 31.7-36.2s,24,0.378611,0.650290,15.8s,id:oDBxO2EzwyI,Sally's Seashells,funny_playful,2022
Uber Eats,upbeat_audio,0.007443,17.0s,15.1-18.9s,0.0-3.8s; 18.9-22.6s,3.8-7.5s; 11.3-15.1s; 18.9-22.6s,0.046190,17.0s,,0.0-3.8s; 7.5-11.3s; 11.3-15.1s; 15.1-18.9s; 22.6-26.4s,25,0.377453,0.529217,20.7s,id:A_PD7nzJy9U,Uber Don’t Eats,funny_playful,2022
Expedia,upbeat_audio,-0.000196,1.9s,,15.0-18.8s; 18.8-22.6s,,0.056381,20.7s,18.8-22.6s,0.0-3.8s; 3.8-7.5s; 7.5-11.3s; 11.3-15.0s; 15.0-18.8s; 18.8-22.6s; 22.6-26.3s,26,0.288826,0.623114,20.7s,id:CMaispXEh94,Stuff,funny_playful,2022
Sam's Club,upbeat_audio,-0.013196,20.7s,,22.6-26.4s,,0.037881,9.4s,,0.0-3.8s; 3.8-7.5s; 7.5-11.3s; 11.3-15.1s; 18.8-22.6s; 26.4-30.1s,27,0.313636,0.911931,24.5s,id:-scnlFAuAQM,Sam's Club VIP,funny_playful,2022
Chevrolet,upbeat_audio,-0.016103,76.3s,,,61.0-71.2s; 71.2-81.3s,0.046952,55.9s,,0.0-10.2s; 30.5-40.7s; 40.7-50.8s; 50.8-61.0s; 61.0-71.2s; 71.2-81.3s,28,0.079933,0.163898,35.6s,id:2bZYqFsU72Y,New Generation,dramatic_dark,2022
Hellmann's,upbeat_audio,0.000647,10.0s,6.7-13.3s,0.0-6.7s,,0.059932,30.0s,26.7-33.4s,0.0-6.7s; 6.7-13.3s; 13.3-20.0s; 20.0-26.7s; 26.7-33.4s; 33.4-40.0s; 40.0-46.7s,29,0.304778,0.469472,3.3s,id:OnA7f-vmjPU,Hellmann’s/Best Foods Mayo Tackles Food Waste featuring Jerod Mayo and Pete Davidson,funny_playful,2022
Booking.com,upbeat_audio,0.011829,20.7s,0.0-3.8s; 11.3-15.0s; 18.8-22.5s,11.3-15.0s; 22.5-26.3s; 26.3-30.0s,,0.067992,24.4s,22.5-26.3s,0.0-3.8s; 3.8-7.5s; 11.3-15.0s; 15.0-18.8s; 18.8-22.5s; 22.5-26.3s; 26.3-30.0s,30,0.410824,0.566234,24.4s,id:Pp49uUpesb4,Idris Elba says things,funny_playful,2022
Pringles,upbeat_audio,-0.018086,9.4s,,,,0.071900,9.4s,7.5-11.3s; 11.3-15.0s; 22.6-26.3s,0.0-3.8s; 3.8-7.5s; 7.5-11.3s; 11.3-15.0s; 15.0-18.8s; 18.8-22.6s; 22.6-26.3s; 26.3-30.1s,31,0.269060,0.378539,28.2s,id:aP2up9N6H-g,Pringles | Stuck In,funny_playful,2022
Amazon Prime Video,dramatic_audio,-0.001567,56.4s,,52.6-60.2s,7.5-15.0s,0.064912,48.9s,45.1-52.6s,0.0-7.5s; 7.5-15.0s; 15.0-22.6s; 30.1-37.6s; 45.1-52.6s,32,0.177876,0.606775,56.4s,id:v7v1hIkYH24,Trailer: The Lord of the Rings: The Rings of Power,dramatic_dark,2022
Meta for Meta Quest,upbeat_audio,-0.006861,6.6s,,79.7-93.0s,,0.057911,33.2s,26.6-39.9s,0.0-13.3s; 13.3-26.6s; 26.6-39.9s; 39.9-53.1s; 53.1-66.4s; 66.4-79.7s; 79.7-93.0s; 93.0-106.3s,33,0.303767,0.489112,86.4s,id:Z8lthAAjxZc,"Old Friends, New Fun",funny_playful,2022
Netflix,upbeat_audio,0.002820,13.3s,8.9-17.7s,8.9-17.7s; 26.6-35.4s; 35.4-44.3s,35.4-44.3s,0.068582,48.7s,8.9-17.7s; 44.3-53.1s,0.0-8.9s; 8.9-17.7s; 17.7-26.6s; 26.6-35.4s; 35.4-44.3s; 44.3-53.1s; 53.1-62.0s,34,0.360684,0.562792,31.0s,id:Ha8ofuzpriE,Trailer: The Adam Project,funny_playful,2022
T-Mobile,upbeat_audio,0.002651,14.8s,9.9-19.8s,,,0.043824,44.5s,,0.0-9.9s; 9.9-19.8s; 29.7-39.6s; 39.6-49.4s; 49.4-59.3s,35,0.206354,0.396381,14.8s,id:6Pr_TduMieM,HINT,funny_playful,2022
Salesforce,upbeat_audio,0.016279,11.3s,7.5-15.0s; 22.5-30.1s; 37.6-45.1s,,,0.068474,41.3s,7.5-15.0s; 22.5-30.1s; 37.6-45.1s,0.0-7.5s; 7.5-15.0s; 15.0-22.5s; 22.5-30.1s; 30.1-37.6s; 37.6-45.1s; 45.1-52.6s; 52.6-60.1s,36,0.214698,0.447394,56.4s,id:tIp251KCz6k,The New Frontier,funny_playful,2022
Irish Spring,upbeat_audio,-0.004906,13.2s,,7.5-11.3s,,0.062582,13.2s,0.0-3.8s; 3.8-7.5s; 11.3-15.1s,0.0-3.8s; 3.8-7.5s; 7.5-11.3s; 11.3-15.1s; 15.1-18.8s; 18.8-22.6s; 22.6-26.4s; 26.4-30.1s,37,0.315039,0.461876,9.4s,id:656ONxP4t68,Welcome to Irish Spring,funny_playful,2022
TurboTax,upbeat_audio,0.026186,14.1s,11.3-16.9s,,,0.053110,14.1s,,0.0-5.6s; 11.3-16.9s; 16.9-22.5s; 22.5-28.2s; 28.2-33.8s; 33.8-39.5s; 39.5-45.1s,38,0.340677,0.382485,42.3s,id:JFFmnRg1CmE,Matchmaker,funny_playful,2022
Bud Light Seltzer Hard Soda,upbeat_audio,-0.011955,33.8s,,,,0.067265,48.9s,45.1-52.6s,0.0-7.5s; 7.5-15.0s; 15.0-22.6s; 22.6-30.1s; 30.1-37.6s; 37.6-45.1s; 45.1-52.6s; 52.6-60.1s,39,0.357238,0.429968,56.4s,id:RD691dUnXNE,Land of Loud Flavors,funny_playful,2022
Caesars Sportsbook,upbeat_audio,-0.002045,14.5s,,9.7-19.3s; 38.6-48.3s; 67.6-77.2s,,0.062751,53.1s,9.7-19.3s; 29.0-38.6s; 38.6-48.3s; 48.3-57.9s,9.7-19.3s; 19.3-29.0s; 29.0-38.6s; 38.6-48.3s; 48.3-57.9s; 57.9-67.6s; 67.6-77.2s,40,0.433540,0.504562,14.5s,id:jfG_d-0X2ZI,Caesars Sportsbook's Super Bowl Debut: Sit Down Dinner,funny_playful,2022
Cutwater Spirits,upbeat_audio,0.009698,48.9s,0.0-7.5s; 45.2-52.7s,,,0.048707,18.8s,,0.0-7.5s; 7.5-15.1s; 15.1-22.6s; 22.6-30.1s; 37.6-45.2s; 45.2-52.7s,41,0.010091,0.071578,56.4s,id:lQu7wbxo1UM,Here’s to the Lazy Ones,funny_playful,2022
Turkish Airlines,upbeat_audio,0.024484,26.3s,22.5-30.0s; 45.1-52.6s,37.6-45.1s,,0.068578,48.8s,22.5-30.0s; 45.1-52.6s,0.0-7.5s; 7.5-15.0s; 15.0-22.5s; 22.5-30.0s; 30.0-37.6s; 37.6-45.1s; 45.1-52.6s; 52.6-60.1s,42,0.324039,0.494716,41.3s,id:QTKtQF_o63Y,Pangea,funny_playful,2022
Hologic,upbeat_audio,0.016114,24.6s,9.8-19.7s; 19.7-29.5s; 29.5-39.3s,,68.9-78.7s,0.044532,34.4s,,0.0-9.8s; 9.8-19.7s; 19.7-29.5s; 29.5-39.3s; 39.3-49.2s; 49.2-59.0s; 59.0-68.9s,43,0.143516,0.238311,63.9s,id:0Yn8yn6WOP4,Her Health is Her Wealth,funny_playful,2022
Rakuten,upbeat_audio,0.011772,17.0s,15.1-18.8s,,,0.067454,5.7s,3.8-7.5s; 7.5-11.3s; 11.3-15.1s; 15.1-18.8s; 18.8-22.6s; 22.6-26.4s,0.0-3.8s; 3.8-7.5s; 7.5-11.3s; 11.3-15.1s; 15.1-18.8s; 18.8-22.6s; 22.6-26.4s; 26.4-30.1s,44,0.281921,0.323536,24.5s,id:YresqeUWXl0,High Stakes,funny_playful,2022
Disney Plus,upbeat_audio,-0.009588,13.2s,,,,0.047095,13.2s,,0.0-3.8s; 3.8-7.5s; 7.5-11.3s; 11.3-15.0s; 15.0-18.8s; 18.8-22.6s; 22.6-26.3s; 26.3-30.1s,45,0.333904,0.440065,16.9s,id:KM3Yx-5Ymiw,Trailer: Marvel Studios’ Moon Knight,funny_playful,2022
HBO,upbeat_audio,0.012336,17.6s,15.1-20.1s,10.0-15.1s; 20.1-25.1s; 25.1-30.1s; 30.1-35.2s; 35.2-40.2s,25.1-30.1s; 35.2-40.2s,0.075032,22.6s,5.0-10.0s; 15.1-20.1s; 20.1-25.1s,0.0-5.0s; 5.0-10.0s; 10.0-15.1s; 15.1-20.1s; 20.1-25.1s,46,0.595633,0.969254,32.7s,id:H-PN89qfmAI,Trailer: Winning Time: The Rise of the Lakers Dynasty,funny_playful,2022
Universal,dramatic_audio,-0.009208,9.4s,,,,0.058986,24.4s,7.5-11.2s; 22.5-26.2s,0.0-3.7s; 3.7-7.5s; 7.5-11.2s; 11.2-15.0s; 15.0-18.7s; 18.7-22.5s; 22.5-26.2s,47,0.171654,0.249132,1.9s,id:EG4u5M4J2SE,Trailer: Nope,funny_playful,2022
T-Mobile,calm_audio,-0.008004,1.9s,,,,0.080155,1.9s,0.0-3.8s; 3.8-7.6s; 7.6-11.3s; 11.3-15.1s; 15.1-18.9s; 18.9-22.7s,0.0-3.8s; 3.8-7.6s; 7.6-11.3s; 11.3-15.1s; 15.1-18.9s; 18.9-22.7s,48,0.216268,0.264145,5.7s,id:kmqW6nmC3Po,Dolly PSA,funny_playful,2022
Crypto.com,upbeat_audio,0.011697,9.4s,7.5-11.3s,22.6-26.3s; 26.3-30.1s,26.3-30.1s,0.057391,9.4s,7.5-11.3s; 15.0-18.8s,3.8-7.5s; 7.5-11.3s; 11.3-15.0s; 15.0-18.8s; 18.8-22.6s; 22.6-26.3s,49,0.411646,0.487066,28.2s,id:Sk_52aI_W1M,The Moment of Truth,funny_playful,2022
Carvana,upbeat_audio,-0.005934,20.7s,,11.3-15.0s; 26.3-30.1s,,0.068550,9.4s,3.8-7.5s; 7.5-11.3s; 11.3-15.0s; 18.8-22.6s,0.0-3.8s; 3.8-7.5s; 7.5-11.3s; 11.3-15.0s; 15.0-18.8s; 18.8-22.6s; 22.6-26.3s,50,0.418604,0.816190,28.2s,id:YpKYj8edUOg,Oversharing Mom,funny_playful,2022
WeatherTech,upbeat_audio,-0.011680,28.2s,,,3.8-7.5s,0.049345,24.4s,,3.8-7.5s; 7.5-11.3s; 11.3-15.0s; 15.0-18.8s; 18.8-22.5s; 22.5-26.3s; 26.3-30.0s,51,0.318829,0.436795,1.9s,id:fwnbHVYgprA,WeatherTech Fit Crew,funny_playful,2022
Taco Bell,upbeat_audio,0.000484,20.7s,18.8-22.6s,,,0.060390,16.9s,0.0-3.8s; 15.0-18.8s; 18.8-22.6s,0.0-3.8s; 3.8-7.5s; 7.5-11.3s; 11.3-15.0s; 15.0-18.8s; 18.8-22.6s; 22.6-26.3s,52,0.294847,0.387305,16.9s,id:YPV7X8_zKfc,The Grande Escape,funny_playful,2022
Cue Health,upbeat_audio,-0.021842,5.6s,,,,0.039668,1.9s,,0.0-3.8s,53,0.115357,0.320746,24.5s,id:PqgaQ9WnJSI,Meet Cue: A New Smart Device for Your Health,funny_playful,2022
Vroom,upbeat_audio,-0.004395,20.7s,,26.4-30.1s,,0.073604,17.0s,3.8-7.5s; 7.5-11.3s; 15.1-18.8s,0.0-3.8s; 3.8-7.5s; 7.5-11.3s; 11.3-15.1s; 15.1-18.8s; 18.8-22.6s; 22.6-26.4s,54,0.346625,0.807118,28.3s,id:9f0W1YyZVA4,Flake the Musical,funny_playful,2022
Amazon Prime Video,upbeat_audio,0.002503,20.7s,18.8-22.6s,0.0-3.8s,,0.046209,20.7s,,3.8-7.5s; 7.5-11.3s; 11.3-15.0s; 18.8-22.6s,55,0.261005,0.545764,1.9s,id:rnDTxvMoCus,Football is Open,funny_playful,2022
Michelob ULTRA Organic Seltzer,upbeat_audio,0.022894,16.9s,3.8-7.5s; 11.3-15.1s; 15.1-18.8s; 18.8-22.6s; 22.6-26.4s,0.0-3.8s,26.4-30.1s,0.067207,13.2s,3.8-7.5s; 11.3-15.1s; 18.8-22.6s,3.8-7.5s; 11.3-15.1s; 15.1-18.8s; 18.8-22.6s; 22.6-26.4s,56,0.396600,0.693394,1.9s,id:0XXmCAwO3qg,Caddy,funny_playful,2022
Polestar,dramatic_audio,-0.005351,24.5s,,,26.3-30.1s,0.005864,13.2s,,,57,0.157579,0.396648,9.4s,id:B4QI0VzbkHk,No Compromises,dramatic_dark,2022
Intuit,upbeat_audio,-0.007029,9.1s,,12.2-18.2s; 18.2-24.3s; 24.3-30.4s,,0.059592,15.2s,12.2-18.2s,0.0-6.1s; 6.1-12.2s; 12.2-18.2s; 18.2-24.3s; 24.3-30.4s; 30.4-36.5s; 36.5-42.6s,58,0.391558,0.649569,15.2s,id:tGl5pF3m2Vo,Intuit QuickBooks and Mailchimp present: Duality Duets ft. DJ Khaled,funny_playful,2022
Gillette,upbeat_audio,0.019217,13.2s,11.3-15.1s,22.6-26.4s,,0.059161,13.2s,11.3-15.1s,0.0-3.8s; 3.8-7.5s; 11.3-15.1s; 15.1-18.8s; 18.8-22.6s; 22.6-26.4s,59,0.352714,0.461488,24.5s,id:FNedZNujzGo,GilletteLabs with Exfoliating Bar | A Quick & Easy Shave,funny_playful,2022
T-Mobile,upbeat_audio,0.002502,24.5s,0.0-3.8s; 3.8-7.5s; 18.9-22.6s; 22.6-26.4s,,,0.052610,9.4s,,0.0-3.8s; 3.8-7.5s; 7.5-11.3s; 18.9-22.6s; 22.6-26.4s; 26.4-30.2s,60,0.119222,0.259267,28.3s,id:nHR33K02_vo,Miley Do It For the Phones,funny_playful,2022
AMC+,upbeat_audio,0.001487,22.0s,14.7-29.3s,14.7-29.3s; 29.3-44.0s; 44.0-58.6s; 58.6-73.3s; 73.3-87.9s; 87.9-102.6s; 102.6-117.2s,102.6-117.2s,0.052542,80.6s,,0.0-14.7s; 14.7-29.3s; 29.3-44.0s; 44.0-58.6s; 58.6-73.3s; 73.3-87.9s; 87.9-102.6s,61,0.496326,0.607950,109.9s,id:1mK3myxd58g,Trailer: AMC+,funny_playful,2022
DraftKings,upbeat_audio,-0.017665,9.4s,,0.0-3.8s; 3.8-7.5s; 15.0-18.8s; 26.3-30.1s,,0.065599,9.4s,7.5-11.3s,0.0-3.8s; 3.8-7.5s; 7.5-11.3s; 11.3-15.0s; 15.0-18.8s; 18.8-22.6s; 22.6-26.3s,62,0.396428,0.608370,5.6s,id:yrQnUFOTkHs,Fortune: Life's a Gamble,funny_playful,2022
Wallbox,upbeat_audio,0.040490,36.2s,32.9-39.5s,6.6-13.2s; 19.7-26.3s,46.1-52.6s,0.044472,36.2s,,0.0-6.6s; 6.6-13.2s; 19.7-26.3s; 26.3-32.9s; 32.9-39.5s,63,0.266502,0.578621,9.9s,id:nNqctrQPwkk,Can #SuperchargedSeth embrace electricity again?,funny_playful,2022
Bud Light NEXT,upbeat_audio,0.018954,3.8s,0.0-7.5s; 22.6-30.1s,0.0-7.5s; 30.1-37.6s; 45.1-52.6s; 52.6-60.1s,,0.063016,3.8s,0.0-7.5s,0.0-7.5s; 7.5-15.0s; 15.0-22.6s; 22.6-30.1s; 30.1-37.6s; 37.6-45.1s; 45.1-52.6s,64,0.472716,0.798219,48.9s,id:c3fELinsiAI,Zero In The Way Of Possibility,funny_playful,2022
eToro,upbeat_audio,-0.001002,20.8s,,,,0.076507,24.5s,7.5-11.3s; 22.6-26.4s,3.8-7.5s; 7.5-11.3s; 11.3-15.1s; 15.1-18.9s; 18.9-22.6s; 22.6-26.4s; 26.4-30.2s,65,0.193721,0.249198,24.5s,id:7O4rP3qwlfo,Flying Your Way,funny_playful,2022
CoinBase,upbeat_audio,-0.007244,33.7s,,,,0.005062,11.2s,,,66,0.036261,0.042209,41.2s,id:eIUD_NE1BDo,Coinbase Big Game ad,dramatic_dark,2022
The Farmer's Dog,upbeat_audio,-0.005110,11.3s,,,,0.055027,41.4s,37.6-45.1s,0.0-7.5s; 7.5-15.0s; 15.0-22.6s; 22.6-30.1s; 30.1-37.6s; 37.6-45.1s; 45.1-52.6s,1,0.282751,0.396122,3.8s,id:IAIo-pUDl0s,Forever,funny_playful,2023
NFL,upbeat_audio,-0.002191,82.7s,,75.2-90.2s,,0.056910,112.8s,90.2-105.3s; 105.3-120.3s,0.0-15.0s; 15.0-30.1s; 30.1-45.1s; 45.1-60.2s; 60.2-75.2s; 75.2-90.2s; 90.2-105.3s; 105.3-120.3s,2,0.273383,0.464635,82.7s,id:LJgAnYzNScg,Run With It,funny_playful,2023
Amazon,upbeat_audio,-0.004633,16.9s,,,,0.062375,28.2s,22.5-33.8s,0.0-11.3s; 11.3-22.5s; 22.5-33.8s; 33.8-45.1s; 45.1-56.3s; 56.3-67.6s; 67.6-78.9s; 78.9-90.1s,3,0.336619,0.416419,62.0s,id:Pot2AfkTvds,Saving Sawyer,funny_playful,2023
Dunkin',upbeat_audio,0.013627,24.5s,7.5-11.3s; 15.0-18.8s; 18.8-22.6s; 22.6-26.3s; 26.3-30.1s,,,0.064901,20.7s,18.8-22.6s,0.0-3.8s; 3.8-7.5s; 7.5-11.3s; 11.3-15.0s; 15.0-18.8s; 18.8-22.6s; 22.6-26.3s; 26.3-30.1s,4,0.234773,0.297009,5.6s,id:BBIX9FG6kZ0,Dunkin' 'Drive Thru' starring Ben,funny_playful,2023
PopCorners,upbeat_audio,-0.024348,26.3s,,0.0-7.5s,,0.044881,48.9s,,0.0-7.5s; 7.5-15.0s; 15.0-22.6s; 22.6-30.1s; 30.1-37.6s; 37.6-45.1s; 45.1-52.7s; 52.7-60.2s,5,0.392277,0.504522,3.8s,id:V2lMJ-NSaFo,Breaking Good,funny_playful,2023
Bud Light,upbeat_audio,-0.020951,3.8s,,,,0.058134,41.4s,37.6-45.2s,0.0-7.5s; 15.1-22.6s; 22.6-30.1s; 30.1-37.6s; 37.6-45.2s; 45.2-52.7s,6,0.222291,0.277191,3.8s,id:azCNwGnxq0s,Bud Light Hold,funny_playful,2023
T-Mobile,upbeat_audio,0.014460,41.3s,0.0-7.5s; 37.6-45.1s,52.6-60.1s,,0.056302,11.3s,7.5-15.0s; 37.6-45.1s,0.0-7.5s; 7.5-15.0s; 15.0-22.5s; 22.5-30.1s; 30.1-37.6s; 37.6-45.1s; 45.1-52.6s; 52.6-60.1s,7,0.317497,0.652180,56.4s,id:jSO-Whn2sCQ,Neighborly,funny_playful,2023
He Gets Us,upbeat_audio,0.007337,20.8s,11.3-15.1s; 18.9-22.7s,,22.7-26.4s; 26.4-30.2s,0.041207,1.9s,,0.0-3.8s; 3.8-7.6s; 7.6-11.3s; 11.3-15.1s; 15.1-18.9s; 18.9-22.7s; 22.7-26.4s; 26.4-30.2s,8,0.026034,0.111558,17.0s,id:ogLX2heol5E,Be Childlike,funny_playful,2023
Disney,upbeat_audio,0.016358,5.6s,0.0-11.3s,0.0-11.3s; 11.3-22.5s; 56.3-67.6s; 78.9-90.1s,,0.053113,50.7s,,0.0-11.3s; 11.3-22.5s; 22.5-33.8s; 33.8-45.1s; 45.1-56.3s; 67.6-78.9s; 78.9-90.1s,9,0.438107,0.920092,16.9s,id:Xg69VWvHGOA,Disney100 Special Look,energetic_action,2023
Workday,upbeat_audio,-0.015968,56.4s,,22.6-30.1s; 52.6-60.1s,45.1-52.6s,0.054629,26.3s,,0.0-7.5s; 7.5-15.0s; 15.0-22.6s; 22.6-30.1s; 30.1-37.6s; 37.6-45.1s; 45.1-52.6s; 52.6-60.1s,10,0.295917,0.671884,56.4s,id:2ID-1mzRAew,Rock Star,funny_playful,2023
Kia,upbeat_audio,-0.013825,4.4s,,,,0.065965,48.3s,43.9-52.6s,0.0-8.8s; 8.8-17.5s; 17.5-26.3s; 26.3-35.1s; 35.1-43.9s; 43.9-52.6s; 61.4-70.2s,11,0.319860,0.410967,48.3s,id:V3SHwtLa2bE,Binky Dad,funny_playful,2023
Google,upbeat_audio,-0.001667,39.5s,,,,0.055057,73.3s,67.7-79.0s,11.3-22.6s; 22.6-33.8s; 33.8-45.1s; 45.1-56.4s; 56.4-67.7s; 67.7-79.0s,12,0.182977,0.335293,50.8s,id:zkHdpA-drz0,Fixed on Pixel,funny_playful,2023
General Motors & Netflix,upbeat_audio,-0.002218,53.6s,,24.7-33.0s; 57.7-66.0s,,0.047729,12.4s,,0.0-8.2s; 8.2-16.5s; 16.5-24.7s; 24.7-33.0s; 33.0-41.2s; 41.2-49.5s; 49.5-57.7s,13,0.312570,0.483344,28.9s,id:5jymEz9xkPQ,EVs On Screen,funny_playful,2023
Doritos,upbeat_audio,0.021226,11.5s,7.7-15.3s; 53.6-61.3s,7.7-15.3s; 15.3-23.0s; 23.0-30.6s; 30.6-38.3s; 46.0-53.6s,,0.063122,26.8s,7.7-15.3s; 23.0-30.6s; 53.6-61.3s,0.0-7.7s; 7.7-15.3s; 15.3-23.0s; 23.0-30.6s; 30.6-38.3s; 38.3-46.0s; 46.0-53.6s; 53.6-61.3s,14,0.476454,0.625306,11.5s,id:BD6d5THLlUA,Jack's New Angle,funny_playful,2023
He Gets Us,upbeat_audio,0.007991,48.9s,0.0-7.5s; 15.0-22.6s; 45.1-52.6s,,,0.060672,41.3s,37.6-45.1s,0.0-7.5s; 7.5-15.0s; 15.0-22.6s; 22.6-30.1s; 30.1-37.6s; 37.6-45.1s,15,0.000454,0.003630,56.4s,id:f5x1RyJOwP8,Love your Enemies,energetic_action,2023
Miller Lite and Coors Light,upbeat_audio,-0.013342,5.6s,,0.0-3.8s; 3.8-7.5s; 26.3-30.1s,,0.066986,5.6s,3.8-7.5s,0.0-3.8s; 3.8-7.5s; 7.5-11.3s; 11.3-15.0s; 22.6-26.3s,16,0.434065,0.508858,1.9s,id:VWe63Z6CYfs,The High Stakes Beer Ad,funny_playful,2023
Trailer,upbeat_audio,-0.003550,1.9s,,0.0-3.8s,,0.067953,9.4s,0.0-3.8s; 7.5-11.3s; 22.6-26.3s,0.0-3.8s; 3.8-7.5s; 7.5-11.3s; 11.3-15.0s; 15.0-18.8s; 18.8-22.6s; 22.6-26.3s; 26.3-30.1s,17,0.288748,0.498222,1.9s,id:TQpwONzpcy4,Indiana Jones and the Dial of Destiny,energetic_action,2023
Trailer,upbeat_audio,0.009101,48.8s,15.0-22.5s; 45.1-52.6s,,,0.060946,18.8s,15.0-22.5s,0.0-7.5s; 7.5-15.0s; 15.0-22.5s; 22.5-30.1s; 30.1-37.6s; 37.6-45.1s; 45.1-52.6s; 52.6-60.1s,17,0.242909,0.435680,48.8s,id:UEx75kcWgxc,AIR: Courting A Legend,funny_playful,2023
Pepsi Zero Sugar,upbeat_audio,-0.011220,11.1s,,,,0.060277,11.1s,0.0-7.4s; 7.4-14.8s; 14.8-22.2s; 29.6-37.0s; 51.9-59.3s,0.0-7.4s; 7.4-14.8s; 14.8-22.2s; 22.2-29.6s; 29.6-37.0s; 37.0-44.4s; 51.9-59.3s,17,0.290978,0.406327,33.3s,id:Ibphbp8juU4,Great Acting or Great Taste with Steve Martin,funny_playful,2023
Jeep,upbeat_audio,-0.009624,33.9s,,,,0.060081,18.8s,15.1-22.6s,0.0-7.5s; 7.5-15.1s; 15.1-22.6s; 22.6-30.1s; 30.1-37.6s; 37.6-45.2s; 45.2-52.7s; 52.7-60.2s,20,0.264137,0.427845,11.3s,id:6It2PrOVs0A,Electric Boogie,funny_playful,2023
E*TRADE,upbeat_audio,-0.006788,5.7s,,,,0.050156,17.1s,,0.0-3.8s; 3.8-7.6s; 7.6-11.4s; 11.4-15.2s; 15.2-19.1s; 19.1-22.9s; 22.9-26.7s; 26.7-30.5s,21,0.266137,0.369703,13.3s,id:X8aV2tbCMUM,Wedding,funny_playful,2023
RAM,calm_audio,0.016489,41.4s,37.6-45.2s,45.2-52.7s; 52.7-60.2s,,0.059800,3.8s,0.0-7.5s; 30.1-37.6s; 37.6-45.2s,0.0-7.5s; 7.5-15.1s; 15.1-22.6s; 22.6-30.1s; 30.1-37.6s; 37.6-45.2s; 45.2-52.7s,22,0.339256,0.497986,56.5s,id:6iaUoJUdTk4,Premature Electrification,funny_playful,2023
Busch,upbeat_audio,-0.015640,17.0s,,,,0.057626,13.2s,11.3-15.1s,0.0-3.8s; 3.8-7.5s; 7.5-11.3s; 11.3-15.1s; 15.1-18.9s; 18.9-22.6s; 22.6-26.4s,23,0.234991,0.269724,5.7s,id:cGZRMC3S9Ic,The Busch Guide,funny_playful,2023
Pepsi Zero Sugar,upbeat_audio,-0.006333,24.5s,,11.3-15.1s,26.4-30.1s,0.068424,9.4s,3.8-7.5s; 7.5-11.3s; 11.3-15.1s,0.0-3.8s; 3.8-7.5s; 7.5-11.3s; 11.3-15.1s; 15.1-18.8s; 18.8-22.6s; 22.6-26.4s,24,0.285813,0.501087,13.2s,id:Z0kyUhxyzzM,Great Acting or Great Taste with Ben Stiller,funny_playful,2023
Skechers,upbeat_audio,0.003130,16.9s,15.1-18.8s,22.6-26.4s,,0.051764,16.9s,,3.8-7.5s; 11.3-15.1s; 15.1-18.8s; 18.8-22.6s; 22.6-26.4s; 26.4-30.1s,25,0.329422,0.462456,24.5s,id:fdN0GWOtsHQ,All Walks of Life,funny_playful,2023
T-Mobile,upbeat_audio,-0.015313,48.9s,,0.0-7.5s; 7.5-15.0s; 15.0-22.6s; 22.6-30.1s; 37.6-45.1s; 45.1-52.6s,,0.050056,48.9s,,7.5-15.0s; 15.0-22.6s; 22.6-30.1s; 45.1-52.6s; 52.6-60.2s,25,0.463647,0.595756,26.3s,id:zLJoQRS48KQ,The Re-write,funny_playful,2023
Hellman's,upbeat_audio,0.009905,10.3s,6.9-13.7s,41.1-48.0s,,0.052449,10.3s,,0.0-6.9s; 6.9-13.7s; 13.7-20.6s; 27.4-34.3s; 34.3-41.1s; 41.1-48.0s; 48.0-54.8s,27,0.252969,0.459080,44.6s,id:r_xfLBvk-AA,Who's in the Fridge,funny_playful,2023
Michelob ULTRA,upbeat_audio,-0.006346,41.4s,,,,0.046176,41.4s,,0.0-7.5s; 7.5-15.1s; 15.1-22.6s; 22.6-30.1s; 30.1-37.6s; 37.6-45.2s; 45.2-52.7s,28,0.331423,0.413607,18.8s,id:iDGwwVki13Q,New Members Day,funny_playful,2023
Crown Royal,upbeat_audio,-0.000366,18.7s,,15.0-22.5s,,0.038950,48.7s,,7.5-15.0s; 15.0-22.5s; 22.5-30.0s; 37.4-44.9s; 44.9-52.4s,29,0.329785,0.491691,18.7s,id:VUGACNfgpu4,Crown Royal x Super Bowl LVII,funny_playful,2023
WeatherTech,upbeat_audio,0.010783,13.2s,7.5-11.3s; 11.3-15.0s,,26.3-30.1s,0.056162,9.4s,7.5-11.3s,0.0-3.8s; 3.8-7.5s; 7.5-11.3s; 11.3-15.0s; 18.8-22.6s,30,0.298445,0.416070,5.6s,id:h5D5BQM6D-M,We All Win,funny_playful,2023
Rakuten,upbeat_audio,-0.000995,28.3s,,,,0.061186,28.3s,26.4-30.2s,0.0-3.8s; 3.8-7.5s; 7.5-11.3s; 11.3-15.1s; 15.1-18.9s; 18.9-22.6s; 26.4-30.2s,31,0.349059,0.414368,1.9s,id:PDh7W0WFTd8,Not-So Clueless,funny_playful,2023
Uber One,upbeat_audio,-0.003454,11.3s,,,52.6-60.1s,0.052510,26.3s,,0.0-7.5s; 7.5-15.0s; 15.0-22.6s; 22.6-30.1s; 30.1-37.6s; 37.6-45.1s; 45.1-52.6s,32,0.232471,0.351549,41.3s,id:mnySyKAoLpI,One Hit for Uber One,funny_playful,2023
Paramount Plus,upbeat_audio,0.061619,13.2s,7.5-11.3s; 11.3-15.0s; 18.8-22.6s,,,0.062452,9.4s,7.5-11.3s; 18.8-22.6s,0.0-3.8s; 3.8-7.5s; 7.5-11.3s; 11.3-15.0s; 15.0-18.8s; 18.8-22.6s; 22.6-26.3s; 26.3-30.1s,33,0.204726,0.329049,5.6s,id:Ba1M5qnxrTM,Stallone Face,funny_playful,2023
Planters,upbeat_audio,0.008733,16.9s,7.5-11.3s; 15.0-18.8s,0.0-3.8s; 3.8-7.5s; 7.5-11.3s; 11.3-15.0s; 15.0-18.8s; 18.8-22.6s; 22.6-26.3s; 26.3-30.1s,,0.052633,9.4s,,0.0-3.8s; 3.8-7.5s; 7.5-11.3s; 11.3-15.0s; 15.0-18.8s; 18.8-22.6s; 22.6-26.3s,34,0.717786,0.753273,5.6s,id:Q1IMqaAD8ik,The Roast of Mr. Peanut,funny_playful,2023
Booking.com,upbeat_audio,0.004996,9.4s,7.5-11.3s,11.3-15.1s; 15.1-18.8s; 26.4-30.1s,0.0-3.8s,0.058199,17.0s,7.5-11.3s; 15.1-18.8s,3.8-7.5s; 7.5-11.3s; 11.3-15.1s; 15.1-18.8s; 18.8-22.6s; 22.6-26.4s; 26.4-30.1s,35,0.394689,0.512962,28.3s,id:GizRGO3PVD8,"Somewhere, Anywhere",funny_playful,2023
Pringles,upbeat_audio,-0.014249,9.4s,,,,0.059357,20.7s,18.8-22.6s,0.0-3.8s; 3.8-7.5s; 7.5-11.3s; 11.3-15.0s; 15.0-18.8s; 18.8-22.6s; 22.6-26.3s; 26.3-30.1s,36,0.298028,0.386821,13.2s,id:gKCScoG83SA,Best of Us,funny_playful,2023
Warner Bros.,upbeat_audio,-0.006931,19.7s,,,,0.049553,19.7s,,0.0-5.6s; 5.6-11.3s; 11.3-16.9s; 16.9-22.5s; 22.5-28.2s; 28.2-33.8s; 33.8-39.4s,37,0.273731,0.417201,31.0s,id:IffQ97m60IY,Trailer: The Flash,dramatic_dark,2023
Heineken 0.0 and Marvel,upbeat_audio,-0.002086,13.2s,,0.0-3.8s; 18.8-22.6s,,0.054407,13.2s,,0.0-3.8s; 3.8-7.5s; 7.5-11.3s; 11.3-15.0s; 15.0-18.8s; 18.8-22.6s; 22.6-26.3s,37,0.422795,0.526266,20.7s,id:atz-Zl5ou9o,"Shrinking and Drinking, Now You Can!",funny_playful,2023
Universal,upbeat_audio,0.008771,3.8s,0.0-7.5s; 22.5-30.1s,30.1-37.6s; 52.6-60.1s,,0.061968,18.8s,0.0-7.5s; 15.0-22.5s; 22.5-30.1s,0.0-7.5s; 7.5-15.0s; 15.0-22.5s; 22.5-30.1s; 37.6-45.1s; 45.1-52.6s,39,0.365352,0.714724,33.8s,id:8oBHRjnQCFE,Trailer: Fast X,energetic_action,2023
TurboTax,upbeat_audio,-0.019639,24.5s,,0.0-3.8s; 26.4-30.1s,0.0-3.8s,0.040872,13.2s,,3.8-7.5s; 7.5-11.3s; 11.3-15.1s; 15.1-18.8s; 18.8-22.6s,40,0.280852,0.599720,1.9s,id:tcCvW2h4974,Dancer,funny_playful,2023
Dexcom,upbeat_audio,0.001759,42.5s,37.8-47.3s,,,0.061328,42.5s,37.8-47.3s,0.0-9.5s; 9.5-18.9s; 37.8-47.3s; 47.3-56.7s,41,0.171276,0.392400,70.9s,id:RpYzhCYaEIM,Feels Like Magic,funny_playful,2023
Avocados From Mexico,upbeat_audio,0.000778,3.8s,0.0-7.5s,,,0.057521,3.8s,0.0-7.5s; 30.1-37.6s,0.0-7.5s; 7.5-15.0s; 15.0-22.6s; 22.6-30.1s; 30.1-37.6s; 37.6-45.1s; 52.6-60.1s,42,0.258460,0.297340,3.8s,id:w57YsiNmt90,Make It Better,funny_playful,2023
Michelob ULTRA,upbeat_audio,0.017210,13.2s,11.3-15.1s; 18.9-22.6s,11.3-15.1s,22.6-26.4s,0.061256,13.2s,11.3-15.1s; 18.9-22.6s,0.0-3.8s; 7.5-11.3s; 11.3-15.1s; 15.1-18.9s; 18.9-22.6s,43,0.327628,0.531812,13.2s,id:AKbXPXOQAmQ,Full Swing Gossip,funny_playful,2023
DraftKings,upbeat_audio,-0.000078,20.6s,,,,0.064230,28.1s,11.3-15.0s; 26.3-30.0s,0.0-3.8s; 3.8-7.5s; 7.5-11.3s; 11.3-15.0s; 15.0-18.8s; 18.8-22.5s; 22.5-26.3s; 26.3-30.0s,44,0.354781,0.409138,5.6s,id:G7ngWuMGmN0,Free bet,funny_playful,2023
Downy,upbeat_audio,-0.004885,9.4s,,,,0.057726,24.5s,22.6-26.3s,0.0-3.8s; 3.8-7.5s; 7.5-11.3s; 11.3-15.0s; 15.0-18.8s; 18.8-22.6s; 22.6-26.3s; 26.3-30.1s,45,0.274601,0.361827,20.7s,id:c1IMW4fQFOk,Call me Downy McBride,funny_playful,2023
Squarespace,dramatic_audio,-0.000948,30.1s,,0.0-4.6s,,0.053522,25.4s,,0.0-4.6s; 9.3-13.9s; 13.9-18.5s; 18.5-23.1s; 23.1-27.8s; 32.4-37.0s,46,0.213103,0.450321,2.3s,id:mManLnHyyek,The Singularity,funny_playful,2023
DoorDash,upbeat_audio,0.007901,1.9s,0.0-3.8s; 22.6-26.4s,,,0.057530,1.9s,0.0-3.8s; 22.6-26.4s,0.0-3.8s; 3.8-7.5s; 7.5-11.3s; 11.3-15.1s; 15.1-18.9s; 18.9-22.6s; 22.6-26.4s,47,0.336806,0.419057,9.4s,id:HepTQeP9ye0,We Get Groceries,funny_playful,2023
Remy Martin,upbeat_audio,-0.017099,48.9s,,15.1-22.6s; 30.1-37.6s,52.7-60.2s,0.056411,41.4s,22.6-30.1s; 37.6-45.2s,0.0-7.5s; 7.5-15.1s; 15.1-22.6s; 22.6-30.1s; 30.1-37.6s; 37.6-45.2s; 45.2-52.7s,48,0.417961,0.511744,18.8s,id:ex1P-cXIKUE,Inch By Inch,funny_playful,2023
M&M'S,upbeat_audio,-0.001608,6.1s,,12.3-24.6s; 24.6-36.8s; 36.8-49.1s; 61.4-73.7s,,0.061922,55.3s,49.1-61.4s; 73.7-86.0s,0.0-12.3s; 36.8-49.1s; 49.1-61.4s; 61.4-73.7s; 73.7-86.0s; 86.0-98.2s,49,0.573023,0.918293,30.7s,id:kV2ARgWiGok,M&M'S Super Bowl 2023,funny_playful,2023
Temu,upbeat_audio,-0.019404,1.9s,,0.0-3.8s; 15.1-18.9s; 18.9-22.7s,,0.054076,9.5s,,0.0-3.8s; 3.8-7.6s; 7.6-11.3s; 11.3-15.1s; 15.1-18.9s; 22.7-26.5s; 26.5-30.3s,50,0.477321,0.840458,20.8s,id:RgNuwb9lpeg,Shop like a Billionaire,funny_playful,2023
U2,dramatic_audio,0.042213,12.2s,11.3-13.2s,,,0.051387,8.5s,,0.0-1.9s; 3.8-5.7s; 5.7-7.5s; 7.5-9.4s; 9.4-11.3s; 11.3-13.2s; 13.2-15.1s,51,0.201313,0.391925,14.1s,id:FHLK8Sdp6YM,Achtung Baby Live at The Sphere,dramatic_dark,2023
State Farm,upbeat_audio,-0.000948,72.8s,,33.6-44.8s,,0.051627,16.8s,,0.0-11.2s; 11.2-22.4s; 22.4-33.6s; 33.6-44.8s; 44.8-56.0s; 56.0-67.2s; 78.4-89.6s,1,0.232559,0.469376,39.2s,id:p8ZYgb8Osek,Like a Good Neighbaaa,funny_playful,2024
 Dunkin',upbeat_audio,0.022693,3.8s,0.0-7.5s; 7.5-15.0s; 45.1-52.6s,15.0-22.5s; 22.5-30.1s; 30.1-37.6s; 37.6-45.1s; 45.1-52.6s,,0.063638,48.8s,7.5-15.0s; 15.0-22.5s; 30.1-37.6s; 45.1-52.6s,0.0-7.5s; 7.5-15.0s; 15.0-22.5s; 22.5-30.1s; 30.1-37.6s; 37.6-45.1s; 45.1-52.6s; 52.6-60.1s,2,0.528780,0.668819,26.3s,id:Ve2miT5iF2M,The DunKings,funny_playful,2024
Kia,upbeat_audio,-0.005784,56.4s,,15.0-22.6s; 22.6-30.1s; 30.1-37.6s; 37.6-45.1s; 52.6-60.1s,,0.060576,41.3s,37.6-45.1s,0.0-7.5s; 15.0-22.6s; 22.6-30.1s; 30.1-37.6s; 37.6-45.1s; 45.1-52.6s,3,0.466870,0.762144,56.4s,id:OU7BJc96lI4,Perfect 10 | The Kia EV9,funny_playful,2024
 Uber Eats,upbeat_audio,0.003131,48.8s,45.1-52.6s,37.6-45.1s,52.6-60.1s,0.071733,26.3s,22.5-30.1s; 37.6-45.1s; 45.1-52.6s,0.0-7.5s; 7.5-15.0s; 15.0-22.5s; 22.5-30.1s; 30.1-37.6s; 37.6-45.1s; 45.1-52.6s,4,0.282654,0.473657,41.3s,id:0LXSb0PQ6HQ,Worth Remembering,funny_playful,2024
 NFL,upbeat_audio,0.031772,82.6s,75.1-90.1s; 90.1-105.2s,30.0-45.1s,105.2-120.2s,0.070924,37.6s,15.0-30.0s; 30.0-45.1s; 75.1-90.1s; 90.1-105.2s,0.0-15.0s; 15.0-30.0s; 30.0-45.1s; 45.1-60.1s; 60.1-75.1s; 75.1-90.1s; 90.1-105.2s; 105.2-120.2s,5,0.318337,0.469749,37.6s,id:nsW9y8uoWG4,Born to Play,funny_playful,2024
 Dove,upbeat_audio,0.012437,16.9s,15.0-18.8s,3.8-7.5s,22.6-26.3s,0.046523,16.9s,,3.8-7.5s; 7.5-11.3s; 15.0-18.8s; 18.8-22.6s; 22.6-26.3s; 26.3-30.1s,6,0.271593,0.497028,5.6s,id:g0D5MU6_0n0,Hard Knocks: A Dove Super Bowl Film,funny_playful,2024
 BMW,upbeat_audio,-0.014809,18.8s,,,,0.069837,11.3s,0.0-7.5s; 7.5-15.0s; 22.5-30.1s; 45.1-52.6s,0.0-7.5s; 7.5-15.0s; 15.0-22.5s; 22.5-30.1s; 30.1-37.6s; 37.6-45.1s; 45.1-52.6s; 52.6-60.1s,7,0.242716,0.337736,56.4s,id:sfB-glrgn5o,Talkin’ Like Walken,funny_playful,2024
 Budweiser,upbeat_audio,-0.001449,41.3s,,,,0.052406,18.8s,,0.0-7.5s; 7.5-15.0s; 15.0-22.5s; 22.5-30.1s; 30.1-37.6s; 37.6-45.1s; 45.1-52.6s; 52.6-60.1s,8,0.307584,0.434833,33.8s,id:8C4DNSV3IRE,Old School Delivery,dramatic_dark,2024
 Verizon,upbeat_audio,-0.012419,39.4s,,0.0-11.3s,,0.049808,50.7s,,0.0-11.3s; 11.3-22.5s; 22.5-33.8s; 33.8-45.1s; 45.1-56.4s; 56.4-67.6s; 67.6-78.9s; 78.9-90.2s,9,0.317232,0.670023,5.6s,id:r7jpCZ1ju9I,Can’t B Broken,funny_playful,2024
 Doritos,upbeat_audio,-0.006134,67.6s,,0.0-15.0s,,0.067570,112.7s,60.1-75.1s; 75.1-90.2s; 105.2-120.2s,15.0-30.1s; 30.1-45.1s; 45.1-60.1s; 60.1-75.1s; 75.1-90.2s; 90.2-105.2s; 105.2-120.2s,10,0.344095,0.607770,7.5s,id:qQJyZseER6I,Dina & Mita,funny_playful,2024
 Google,upbeat_audio,0.007911,3.8s,0.0-7.5s,22.5-30.1s,52.6-60.1s,0.052952,41.3s,,0.0-7.5s; 7.5-15.0s; 15.0-22.5s; 22.5-30.1s; 30.1-37.6s; 37.6-45.1s; 45.1-52.6s,11,0.226761,0.462479,26.3s,id:wYPTZIFQoDQ,Javier in Frame,energetic_action,2024
 Hellmann's,upbeat_audio,0.027395,11.3s,7.6-15.1s,22.7-30.2s,,0.053547,49.1s,,0.0-7.6s; 7.6-15.1s; 15.1-22.7s; 22.7-30.2s; 30.2-37.8s; 45.3-52.9s; 52.9-60.4s,12,0.313495,0.621507,26.4s,id:oVIexvfdx7Q,Mayo Cat,funny_playful,2024
 E*TRADE,upbeat_audio,-0.004017,13.2s,,0.0-3.8s; 11.3-15.1s; 18.9-22.6s,,0.048978,17.0s,,0.0-3.8s; 3.8-7.5s; 7.5-11.3s; 11.3-15.1s; 15.1-18.9s; 18.9-22.6s; 22.6-26.4s,13,0.475735,0.578339,13.2s,id:JjLr4bdLPIs,Picklebabies,funny_playful,2024
 Volkswagen USA,upbeat_audio,-0.010492,41.3s,,52.6-60.1s,,0.059691,18.8s,15.0-22.6s,0.0-7.5s; 7.5-15.0s; 15.0-22.6s; 22.6-30.1s; 30.1-37.6s; 37.6-45.1s; 45.1-52.6s,14,0.149171,0.587455,56.4s,id:c04_GeQZFFw,An American Love Story,dramatic_dark,2024
CeraVe,upbeat_audio,0.015570,1.9s,0.0-3.8s,,,0.057735,16.9s,0.0-3.8s; 15.0-18.8s,0.0-3.8s; 3.8-7.5s; 7.5-11.3s; 11.3-15.0s; 15.0-18.8s; 18.8-22.6s; 22.6-26.3s; 26.3-30.1s,15,0.205760,0.290975,13.2s,id:vAf5TjiUJgo,Michael CeraVe,funny_playful,2024
 Paramount+,upbeat_audio,0.007575,51.9s,44.5-59.3s,,,0.059216,37.1s,14.8-29.7s; 29.7-44.5s,0.0-14.8s; 14.8-29.7s; 29.7-44.5s; 44.5-59.3s; 59.3-74.1s; 74.1-89.0s; 89.0-103.8s; 103.8-118.6s,16,0.202416,0.268393,96.4s,id:JccqxztjbKI,Hail Patrick,funny_playful,2024
Universal,dramatic_audio,-0.018479,18.8s,,,,0.057064,18.8s,15.0-22.5s; 37.6-45.1s,7.5-15.0s; 15.0-22.5s; 22.5-30.1s; 30.1-37.6s; 37.6-45.1s; 45.1-52.6s; 52.6-60.1s,17,0.245465,0.385651,33.8s,id:F1dvX9Vs0ns,'Wicked' trailer,energetic_action,2024
 Foundation to Combat Antisemitism,upbeat_audio,0.017692,9.5s,7.6-11.4s; 15.3-19.1s,3.8-7.6s,,0.064455,24.8s,0.0-3.8s; 22.9-26.7s,0.0-3.8s; 3.8-7.6s; 7.6-11.4s; 15.3-19.1s; 22.9-26.7s,18,0.270496,0.709721,5.7s,id:D6HUxANY8z8,Silence,funny_playful,2024
 Bud Light,upbeat_audio,-0.008782,68.7s,,42.3-52.8s,,0.053983,68.7s,,10.6-21.1s; 21.1-31.7s; 31.7-42.3s; 42.3-52.8s; 52.8-63.4s; 63.4-74.0s; 74.0-84.5s,19,0.336649,0.584440,47.6s,id:Cl--5P79iRs,Easy Night Out,funny_playful,2024
 Michelob ULTRA,upbeat_audio,0.003581,39.5s,33.9-45.2s,,,0.070465,39.5s,33.9-45.2s,0.0-11.3s; 11.3-22.6s; 22.6-33.9s; 33.9-45.2s; 45.2-56.4s; 56.4-67.7s; 67.7-79.0s; 79.0-90.3s,20,0.205491,0.299057,16.9s,id:88tPE7AAUxM,Superior Beach,funny_playful,2024
 T-Mobile,upbeat_audio,-0.005660,11.3s,,52.6-60.1s,,0.064864,33.8s,22.5-30.1s; 30.1-37.6s,0.0-7.5s; 7.5-15.0s; 15.0-22.5s; 22.5-30.1s; 30.1-37.6s; 37.6-45.1s; 45.1-52.6s,21,0.344956,0.860457,56.4s,id:YVeCwSWNLrM,That T-Mobile Home Internet Feeling,funny_playful,2024
 Kawasaki,upbeat_audio,-0.006619,36.7s,,11.3-16.9s; 16.9-22.6s; 33.9-39.5s,,0.053703,8.5s,,0.0-5.6s; 5.6-11.3s; 11.3-16.9s; 16.9-22.6s; 22.6-28.2s; 28.2-33.9s; 33.9-39.5s; 39.5-45.2s,22,0.397026,0.533916,36.7s,id:mrHEtU98yVY,Mullets,funny_playful,2024
 Reese's,upbeat_audio,-0.030572,9.4s,,0.0-3.8s; 7.5-11.3s; 18.8-22.6s; 26.4-30.1s,,0.045214,13.2s,,3.8-7.5s; 11.3-15.1s; 22.6-26.4s; 26.4-30.1s,23,0.577651,0.937582,1.9s,id:sOH23Pup6AQ,Yes!,funny_playful,2024
 Mountain Dew,upbeat_audio,-0.010328,19.7s,,16.9-22.6s; 22.6-28.2s,,0.064633,19.7s,16.9-22.6s,0.0-5.6s; 5.6-11.3s; 11.3-16.9s; 16.9-22.6s; 22.6-28.2s; 28.2-33.9s; 33.9-39.5s; 39.5-45.1s,24,0.319943,0.563816,25.4s,id:pAdDi6G74mc,Having A Blast,funny_playful,2024
 M&M's,dramatic_audio,-0.000191,11.5s,,38.3-46.0s; 46.0-53.7s,,0.018358,34.5s,,,25,0.305419,0.479824,49.8s,id:9UBWFIArQxs,The M&M’s Almost Champions Ring of Comfort,energetic_action,2024
 Pfizer,upbeat_audio,0.001241,41.4s,37.6-45.1s,45.1-52.7s,,0.061513,56.4s,52.7-60.2s,0.0-7.5s; 7.5-15.0s; 15.0-22.6s; 22.6-30.1s; 37.6-45.1s; 52.7-60.2s,26,0.262595,0.538466,48.9s,id:fwvjimuwVyY,Here’s to Science,funny_playful,2024
 Popeyes,upbeat_audio,0.007386,9.4s,0.0-3.8s; 7.5-11.3s; 11.3-15.0s,0.0-3.8s,,0.059367,13.2s,11.3-15.0s,0.0-3.8s; 3.8-7.5s; 7.5-11.3s; 11.3-15.0s; 15.0-18.8s; 18.8-22.6s; 22.6-26.3s; 26.3-30.1s,27,0.325028,0.637339,1.9s,id:VoYlSqsrM_I,The Wait Is Over,funny_playful,2024
 Etsy,upbeat_audio,-0.004626,1.8s,,,,0.060148,23.5s,3.6-7.2s; 14.5-18.1s; 21.7-25.3s,0.0-3.6s; 3.6-7.2s; 7.2-10.9s; 10.9-14.5s; 14.5-18.1s; 18.1-21.7s; 21.7-25.3s; 25.3-29.0s,27,0.234435,0.320195,1.8s,id:cXT8JgdvCHc,Thank you France,funny_playful,2024
 Pluto TV,upbeat_audio,-0.002493,8.5s,,,,0.058001,31.0s,28.2-33.8s,0.0-5.6s; 5.6-11.3s; 11.3-16.9s; 16.9-22.5s; 22.5-28.2s; 28.2-33.8s; 33.8-39.5s; 39.5-45.1s,29,0.306844,0.357325,2.8s,id:bGUfhRtjqH8,Couch Potato Farms,funny_playful,2024
 Pringles,upbeat_audio,-0.006693,20.8s,,,,0.058558,20.8s,18.9-22.7s; 22.7-26.5s,0.0-3.8s; 3.8-7.6s; 7.6-11.3s; 11.3-15.1s; 15.1-18.9s; 18.9-22.7s; 22.7-26.5s; 26.5-30.2s,30,0.241272,0.297895,13.2s,id:aYvDdZZ_FQU,Mr. P,funny_playful,2024
 BetMGM,upbeat_audio,-0.012027,41.5s,,45.2-52.8s; 52.8-60.3s,,0.050359,3.8s,,0.0-7.5s; 7.5-15.1s; 15.1-22.6s; 22.6-30.2s; 37.7-45.2s; 45.2-52.8s; 52.8-60.3s,30,0.347095,0.525192,49.0s,id:JTIdwwa0Dxo,BetMGM is for Everyone,funny_playful,2024
 Coors Light,dramatic_audio,0.006662,5.6s,0.0-11.3s; 67.7-79.0s,,,0.067502,73.4s,0.0-11.3s; 56.5-67.7s; 67.7-79.0s,0.0-11.3s; 11.3-22.6s; 22.6-33.9s; 33.9-45.2s; 45.2-56.5s; 56.5-67.7s; 67.7-79.0s; 79.0-90.3s,32,0.296631,0.422872,5.6s,id:Ej7fYDHlCbA,The Return of the Coors Light Chill Train,funny_playful,2024
 Oreo,upbeat_audio,0.009899,5.6s,3.8-7.5s,3.8-7.5s; 7.5-11.3s; 11.3-15.0s; 15.0-18.8s; 22.6-26.3s,,0.059081,28.2s,7.5-11.3s; 26.3-30.1s,0.0-3.8s; 3.8-7.5s; 7.5-11.3s; 11.3-15.0s; 15.0-18.8s; 18.8-22.6s; 22.6-26.3s; 26.3-30.1s,33,0.475368,0.678225,16.9s,id:H3EsFtUCOno,Twist on It,funny_playful,2024
 Microsoft,upbeat_audio,0.017935,19.0s,15.2-22.8s; 30.4-38.0s; 38.0-45.6s; 53.1-60.7s,,,0.066007,26.6s,22.8-30.4s,0.0-7.6s; 7.6-15.2s; 15.2-22.8s; 22.8-30.4s; 38.0-45.6s,34,0.185368,0.365099,3.8s,id:SaCVSUbYpVc,Watch Me,dramatic_dark,2024
 T-Mobile,upbeat_audio,-0.002973,21.3s,,8.5-17.0s; 17.0-25.5s; 34.1-42.6s; 42.6-51.1s; 51.1-59.6s; 59.6-68.1s,8.5-17.0s; 34.1-42.6s; 51.1-59.6s,0.054186,12.8s,,0.0-8.5s; 8.5-17.0s; 17.0-25.5s; 25.5-34.1s; 34.1-42.6s; 51.1-59.6s; 59.6-68.1s,35,0.535701,0.965167,46.8s,id:PjCSipST46I,T-Mobile Auditions,funny_playful,2024
 Booking.com,upbeat_audio,0.014615,5.6s,3.8-7.5s; 18.8-22.6s; 22.6-26.3s,3.8-7.5s,11.3-15.0s,0.079518,5.6s,3.8-7.5s; 15.0-18.8s,0.0-3.8s; 3.8-7.5s; 7.5-11.3s; 11.3-15.0s; 15.0-18.8s; 18.8-22.6s; 22.6-26.3s; 26.3-30.1s,36,0.330782,0.463042,5.6s,id:5UiFkOJoP-8,Tina Fey books whoever she wants to be,funny_playful,2024
 e.l.f. Cosmetics,upbeat_audio,0.010802,20.7s,0.0-3.8s; 3.8-7.5s; 18.8-22.6s; 22.6-26.3s,0.0-3.8s; 3.8-7.5s; 11.3-15.0s; 15.0-18.8s; 18.8-22.6s; 22.6-26.3s; 26.3-30.1s,,0.060459,20.7s,18.8-22.6s; 22.6-26.3s,0.0-3.8s; 3.8-7.5s; 11.3-15.0s; 15.0-18.8s; 18.8-22.6s; 22.6-26.3s; 26.3-30.1s,37,0.574367,0.704518,16.9s,id:DXfWY8GpX8Y,Judge Beauty,funny_playful,2024
 Toyota Tacoma,upbeat_audio,-0.014442,13.2s,,,22.6-26.3s; 26.3-30.1s,0.053110,13.2s,,0.0-3.8s; 7.5-11.3s; 11.3-15.0s; 15.0-18.8s; 22.6-26.3s,38,0.274437,0.390005,1.9s,id:fQ7Az_7pzDM,Dareful Handle,funny_playful,2024
 Homes.com,upbeat_audio,0.004777,15.8s,13.6-18.1s,,4.5-9.0s; 31.6-36.2s,0.053045,29.4s,,0.0-4.5s; 4.5-9.0s; 9.0-13.6s; 13.6-18.1s; 18.1-22.6s; 22.6-27.1s; 27.1-31.6s,39,0.189187,0.281536,20.3s,id:hVFB6FyPltE,Launch,funny_playful,2024
 Skechers,upbeat_audio,-0.015115,28.3s,,7.5-11.3s,,0.050567,9.4s,,0.0-3.8s; 3.8-7.5s; 7.5-11.3s; 11.3-15.1s; 18.9-22.6s; 22.6-26.4s; 26.4-30.2s,40,0.305964,0.494934,9.4s,id:6zolFHbtEew,Mr. T in Skechers,funny_playful,2024
 Apartments.com,upbeat_audio,-0.004605,13.2s,,11.3-15.1s; 15.1-18.8s; 18.8-22.6s,,0.058764,13.2s,11.3-15.1s,0.0-3.8s; 3.8-7.5s; 7.5-11.3s; 11.3-15.1s; 15.1-18.8s; 18.8-22.6s; 22.6-26.4s,41,0.400470,0.563956,16.9s,id:1MXYI3ZKLqQ,Extraterrentrials,funny_playful,2024
 NERDS Gummy,upbeat_audio,-0.000871,13.2s,,0.0-3.8s; 3.8-7.5s; 7.5-11.3s; 11.3-15.0s; 15.0-18.8s; 18.8-22.6s; 22.6-26.3s; 26.3-30.1s,,0.048530,9.4s,,0.0-3.8s; 3.8-7.5s; 7.5-11.3s; 11.3-15.0s; 15.0-18.8s; 18.8-22.6s,42,0.604215,0.778196,13.2s,id:-kI-vfyl2mo,NERDS Big Game Commercial ft. Addison Rae,funny_playful,2024
 DoorDash,upbeat_audio,-0.023650,28.2s,,18.8-22.6s; 26.3-30.1s,0.0-3.8s; 3.8-7.5s; 7.5-11.3s; 26.3-30.1s,0.029233,13.2s,,11.3-15.0s; 18.8-22.6s,43,0.462228,0.871082,28.2s,id:DTLM5o-9hYg,DoorDash All the Ads,funny_playful,2024
 He Gets Us,upbeat_audio,0.003411,48.8s,45.1-52.6s,,52.6-60.1s,0.062339,3.8s,0.0-7.5s; 15.0-22.5s,0.0-7.5s; 7.5-15.0s; 15.0-22.5s; 22.5-30.1s; 30.1-37.6s; 37.6-45.1s; 52.6-60.1s,44,0.256428,0.401161,3.8s,id:94BqlDQ-Ppo,Foot Washing,funny_playful,2024
 Poppi,upbeat_audio,-0.006559,26.3s,,0.0-7.5s; 7.5-15.0s; 15.0-22.5s; 22.5-30.1s; 30.1-37.6s; 45.1-52.6s; 52.6-60.1s,,0.040651,56.4s,,0.0-7.5s; 7.5-15.0s; 15.0-22.5s; 22.5-30.1s; 37.6-45.1s; 45.1-52.6s; 52.6-60.1s,45,0.578429,0.887242,26.3s,id:kwUJq0DA0xo,The Future of Soda is Now,funny_playful,2024
 Squarespace,upbeat_audio,0.001058,20.7s,18.9-22.6s,,,0.056527,17.0s,15.1-18.9s,0.0-3.8s; 7.5-11.3s; 11.3-15.1s; 15.1-18.9s; 18.9-22.6s; 22.6-26.4s; 26.4-30.2s,46,0.224315,0.386935,20.7s,title:tale as old as websites,Hello Down There,funny_playful,2024
 Homes.com,calm_audio,-0.004907,24.3s,,,26.1-29.9s,0.068240,24.3s,3.7-7.5s; 11.2-14.9s; 14.9-18.7s; 18.7-22.4s; 22.4-26.1s,0.0-3.7s; 3.7-7.5s; 7.5-11.2s; 11.2-14.9s; 14.9-18.7s; 18.7-22.4s; 22.4-26.1s,47,0.334854,0.427539,20.5s,id:3-kKkGRvRK0,Salon,funny_playful,2024
 Lindt USA,upbeat_audio,0.019442,9.5s,7.6-11.3s,11.3-15.1s; 18.9-22.7s,,0.062415,9.5s,7.6-11.3s; 15.1-18.9s,0.0-3.8s; 3.8-7.6s; 7.6-11.3s; 15.1-18.9s; 22.7-26.5s,48,0.387566,0.592022,13.2s,id:0tSxFvDpoNc,Life is a Ball,funny_playful,2024
 FX and Hulu,dramatic_audio,-0.002824,23.7s,,21.0-26.3s; 26.3-31.6s; 31.6-36.8s; 36.8-42.1s,26.3-31.6s; 31.6-36.8s; 36.8-42.1s,0.061330,18.4s,10.5-15.8s; 15.8-21.0s,0.0-5.3s; 5.3-10.5s; 10.5-15.8s; 15.8-21.0s; 21.0-26.3s; 26.3-31.6s; 31.6-36.8s; 36.8-42.1s,49,0.479874,0.690416,23.7s,id:qunTCZJ8baU,Shōgun - Big Game Commercial,dramatic_dark,2024
 Drumstick,upbeat_audio,-0.002784,1.9s,,7.5-11.3s,,0.061280,1.9s,0.0-3.8s,0.0-3.8s; 3.8-7.5s; 7.5-11.3s; 15.1-18.8s; 18.8-22.6s; 22.6-26.4s,50,0.353518,0.720302,9.4s,id:5auFmjoYIwY,Doctor on the Plane,funny_playful,2024
 Homes.com,upbeat_audio,0.016319,16.9s,15.1-18.8s,3.8-7.5s; 7.5-11.3s; 11.3-15.1s; 18.8-22.6s,26.4-30.1s,0.054770,13.2s,,3.8-7.5s; 7.5-11.3s; 11.3-15.1s; 15.1-18.8s; 18.8-22.6s; 22.6-26.4s,51,0.397956,0.501856,5.6s,id:dp7Ag84XMWU,Mascot,funny_playful,2024
 Bass Pro Shops and Cabela’s,upbeat_audio,-0.012126,5.6s,,,15.1-18.8s,0.050593,1.9s,,0.0-3.8s; 3.8-7.5s; 7.5-11.3s; 18.8-22.6s,52,0.279538,0.442931,24.5s,id:xdhi90WooXU,Making Memories On The Water,funny_playful,2024
 CrowdStrike,upbeat_audio,0.035570,13.2s,3.8-7.5s; 7.5-11.3s; 11.3-15.0s; 22.6-26.3s,,,0.075821,13.2s,3.8-7.5s; 7.5-11.3s; 11.3-15.0s; 15.0-18.8s; 22.6-26.3s,0.0-3.8s; 3.8-7.5s; 7.5-11.3s; 11.3-15.0s; 15.0-18.8s; 18.8-22.6s; 22.6-26.3s; 26.3-30.1s,53,0.282164,0.335568,1.9s,id:p4OGQQPMiXQ,The Future,funny_playful,2024
 FanDuel,upbeat_audio,-0.013920,16.9s,,26.4-30.1s,26.4-30.1s,0.056398,16.9s,15.1-18.8s,11.3-15.1s; 15.1-18.8s; 18.8-22.6s; 22.6-26.4s,54,0.265853,0.671076,28.2s,id:dHvQIIOTNRQ,Gronk Misses The FanDuel Kick Of Destiny 2,funny_playful,2024
 He Gets Us,upbeat_audio,0.002966,0.9s,0.0-1.9s; 3.8-5.7s; 11.3-13.2s,3.8-5.7s,13.2-15.1s,0.044537,12.2s,,0.0-1.9s; 3.8-5.7s; 5.7-7.5s; 11.3-13.2s,55,0.228000,0.662660,4.7s,title:hey meta who eats art chris hemsworth chris pratt kris jenner ray ban meta glasses,Who Is My Neighbor?,funny_playful,2024
 Starry,upbeat_audio,0.019828,20.7s,7.5-11.3s; 15.1-18.8s; 18.8-22.6s,0.0-3.8s; 3.8-7.5s; 7.5-11.3s; 11.3-15.1s; 15.1-18.8s; 18.8-22.6s; 22.6-26.4s; 26.4-30.1s,,0.055628,24.5s,22.6-26.4s,3.8-7.5s; 7.5-11.3s; 11.3-15.1s; 15.1-18.8s; 18.8-22.6s; 22.6-26.4s; 26.4-30.1s,56,0.589543,0.677324,9.4s,id:kXONxnPJiMI,Love Triangle,funny_playful,2024
 TurboTax,upbeat_audio,0.004556,8.5s,5.7-11.3s,0.0-5.7s; 11.3-17.0s; 17.0-22.7s; 28.3-34.0s; 34.0-39.7s; 39.7-45.3s,,0.034873,2.8s,,0.0-5.7s; 11.3-17.0s; 22.7-28.3s; 28.3-34.0s,57,0.549157,0.781846,31.2s,id:WOk4BDiXdhA,Make Your Moves Count,funny_playful,2024
 Snapchat,upbeat_audio,0.011452,65.5s,0.0-14.6s; 58.3-72.8s,72.8-87.4s; 102.0-116.5s,102.0-116.5s,0.033142,36.4s,,29.1-43.7s; 58.3-72.8s; 72.8-87.4s; 87.4-102.0s,58,0.282109,0.898541,109.2s,id:plQzIQEGh8k,Less Social Media. More Snapchat,sentimental_warm,2024
 Robert F. Kennedy Jr. campaign,upbeat_audio,0.000172,9.4s,7.5-11.3s,,,0.044161,5.6s,,0.0-3.8s; 3.8-7.5s; 7.5-11.3s; 11.3-15.0s; 15.0-18.8s; 22.6-26.3s; 26.3-30.1s,59,0.256615,0.364085,9.4s,id:nvXJJRjGVT4,American Values,funny_playful,2024
Budweiser,upbeat_audio,-0.012025,1.9s,,,,0.052767,1.9s,,0.0-3.8s; 3.8-7.5s; 7.5-11.3s; 11.3-15.0s; 15.0-18.8s; 18.8-22.6s; 22.6-26.3s,1,0.320926,0.439845,28.2s,id:ms9Y5GvmvPs,First Delivery,funny_playful,2025
Lay's,upbeat_audio,-0.000391,56.4s,,,,0.051067,48.8s,,0.0-7.5s; 7.5-15.0s; 15.0-22.5s; 22.5-30.1s; 30.1-37.6s; 37.6-45.1s; 45.1-52.6s; 52.6-60.1s,2,0.299292,0.370739,26.3s,id:gmzklpZFNiE,The Little Farmer,funny_playful,2025
Michelob ULTRA,upbeat_audio,-0.000519,3.8s,,,,0.079647,18.8s,0.0-7.5s; 15.0-22.6s; 30.1-37.6s,0.0-7.5s; 7.5-15.0s; 15.0-22.6s; 22.6-30.1s; 30.1-37.6s; 37.6-45.1s; 52.7-60.2s,3,0.357959,0.448911,48.9s,id:eAJW_-i4-kc,The ULTRA Hustle,funny_playful,2025
Stella Artois,upbeat_audio,0.013830,41.3s,7.5-15.0s; 15.0-22.5s; 30.1-37.6s; 37.6-45.1s,,,0.063705,48.8s,37.6-45.1s; 45.1-52.6s; 52.6-60.1s,0.0-7.5s; 7.5-15.0s; 15.0-22.5s; 22.5-30.1s; 30.1-37.6s; 37.6-45.1s; 45.1-52.6s; 52.6-60.1s,4,0.270578,0.365776,48.8s,id:GAoeGC-eL4I,David and Dave,funny_playful,2025
NFL,upbeat_audio,0.038213,11.3s,7.5-15.0s,,52.6-60.1s,0.072317,33.8s,30.1-37.6s,0.0-7.5s; 7.5-15.0s; 15.0-22.5s; 22.5-30.1s; 30.1-37.6s; 37.6-45.1s; 45.1-52.6s,5,0.318278,0.442147,56.4s,id:oY9Mlz99z0A,Somebody,funny_playful,2025
NFL,upbeat_audio,0.022607,37.6s,30.1-45.1s; 60.1-75.1s,30.1-45.1s; 105.2-120.2s,,0.060222,37.6s,30.1-45.1s; 60.1-75.1s,0.0-15.0s; 15.0-30.1s; 30.1-45.1s; 45.1-60.1s; 60.1-75.1s; 75.1-90.2s; 90.2-105.2s; 105.2-120.2s,6,0.354470,0.605188,112.7s,id:GsqhcNnxfv4,Flag 50,funny_playful,2025
Bud Light,upbeat_audio,-0.013265,6.0s,,60.1-72.1s; 72.1-84.1s; 84.1-96.1s,,0.052310,30.0s,,0.0-12.0s; 12.0-24.0s; 24.0-36.0s; 36.0-48.1s; 48.1-60.1s,7,0.334854,0.487867,66.1s,id:x7qbswwBCDo,Big Men on Cul-De-Sac,funny_playful,2025
Uber Eats,upbeat_audio,-0.016521,56.4s,,,,0.046613,11.3s,,0.0-7.5s; 7.5-15.0s; 15.0-22.5s; 22.5-30.1s; 30.1-37.6s; 37.6-45.1s; 45.1-52.6s; 52.6-60.1s,8,0.264272,0.368495,18.8s,id:fIoMjrfGy28,Century of Cravings,funny_playful,2025
Hellmann's,upbeat_audio,0.001201,5.6s,3.8-7.5s,,,0.047510,20.7s,,0.0-3.8s; 3.8-7.5s; 7.5-11.3s; 11.3-15.0s; 15.0-18.8s; 18.8-22.6s; 22.6-26.3s; 26.3-30.1s,9,0.373253,0.395351,9.4s,id:RIXB-7RHjBY,When Sally Met Hellmann’s,funny_playful,2025
Pfizer,upbeat_audio,-0.003667,3.8s,,0.0-7.5s,,0.070211,33.9s,30.1-37.6s; 37.6-45.1s,0.0-7.5s; 7.5-15.0s; 15.0-22.6s; 22.6-30.1s; 30.1-37.6s; 37.6-45.1s; 45.1-52.7s; 52.7-60.2s,10,0.366505,0.692684,3.8s,id:wNLhMZuA00c,Knock Out,funny_playful,2025
Doritos,upbeat_audio,-0.012676,5.6s,,3.8-7.5s; 7.5-11.3s; 11.3-15.0s; 15.0-18.8s; 18.8-22.6s; 22.6-26.3s; 26.3-30.1s,,0.066238,20.7s,18.8-22.6s; 26.3-30.1s,0.0-3.8s; 3.8-7.5s; 7.5-11.3s; 11.3-15.0s; 15.0-18.8s; 18.8-22.6s; 22.6-26.3s; 26.3-30.1s,11,0.623518,0.713764,24.5s,id:sIAnQwiCpRc,Abduction (For the Bold),funny_playful,2025
Jeep,upbeat_audio,-0.007027,37.6s,,0.0-15.0s; 15.0-30.0s; 30.0-45.1s; 75.1-90.1s,45.1-60.1s,0.066478,22.5s,15.0-30.0s,0.0-15.0s; 15.0-30.0s; 30.0-45.1s; 75.1-90.1s; 90.1-105.2s; 105.2-120.2s,12,0.397113,0.577204,37.6s,id:cDn_uFEXGXk,Owner's Manual,funny_playful,2025
Instacart,upbeat_audio,-0.026185,28.2s,,,,0.056365,1.9s,0.0-3.8s,0.0-3.8s; 3.8-7.5s; 7.5-11.3s; 11.3-15.0s; 15.0-18.8s; 18.8-22.6s; 22.6-26.3s; 26.3-30.1s,13,0.249405,0.433839,5.6s,id:nVUPazjaHl8,We're Here,funny_playful,2025
Google,upbeat_audio,-0.009860,41.3s,,,52.6-60.1s,0.058720,33.8s,15.0-22.5s; 22.5-30.1s; 30.1-37.6s; 37.6-45.1s,0.0-7.5s; 7.5-15.0s; 15.0-22.5s; 22.5-30.1s; 30.1-37.6s; 37.6-45.1s; 45.1-52.6s,14,0.248755,0.417728,18.8s,id:vj_CtEDYZ_I,Dream Job,funny_playful,2025
Dove,upbeat_audio,0.012574,28.2s,26.3-30.1s,,,0.045529,28.2s,,0.0-3.8s; 3.8-7.5s; 7.5-11.3s; 11.3-15.0s; 15.0-18.8s; 26.3-30.1s,15,0.221865,0.333977,9.4s,id:6IxFsKqxLRA,These Legs,funny_playful,2025
Novartis,upbeat_audio,0.017180,41.3s,22.6-30.1s; 37.6-45.1s,0.0-7.5s; 30.1-37.6s; 45.1-52.6s; 52.6-60.1s,,0.068913,26.3s,15.0-22.6s; 22.6-30.1s,0.0-7.5s; 15.0-22.6s; 22.6-30.1s; 30.1-37.6s; 37.6-45.1s; 45.1-52.6s,16,0.378753,0.622896,3.8s,id:vVCU6sg8cjk,"Your Attention, Please",funny_playful,2025
Foundation to Combat Antisemitism (FCAS),calm_audio,0.044613,13.2s,0.0-3.8s; 11.3-15.0s,,,0.069039,13.2s,0.0-3.8s; 3.8-7.5s; 11.3-15.0s,0.0-3.8s; 3.8-7.5s; 7.5-11.3s; 11.3-15.0s; 22.6-26.3s; 26.3-30.1s,17,0.276182,0.393605,28.2s,id:AOxm8LmH7Y4,No Reason to Hate,funny_playful,2025
Coors Light,upbeat_audio,-0.009614,13.2s,,7.5-11.3s,26.3-30.1s,0.059444,20.7s,11.3-15.0s; 18.8-22.6s,3.8-7.5s; 7.5-11.3s; 11.3-15.0s; 15.0-18.8s; 18.8-22.6s; 22.6-26.3s,18,0.335831,0.857087,9.4s,id:-7mq4_AodiA,Slow Monday,funny_playful,2025
Ram Trucks,upbeat_audio,0.015572,6.6s,0.0-13.1s,0.0-13.1s; 26.2-39.3s,,0.054844,6.6s,,0.0-13.1s; 13.1-26.2s; 26.2-39.3s; 39.3-52.4s,19,0.422896,0.574342,32.8s,id:_9ot1x4oEaQ,Goldilocks and the Three Trucks,funny_playful,2025
WeatherTech,upbeat_audio,0.005093,24.4s,22.5-26.3s,15.0-18.8s,,0.068410,13.1s,3.8-7.5s; 11.3-15.0s; 22.5-26.3s,0.0-3.8s; 3.8-7.5s; 7.5-11.3s; 11.3-15.0s; 15.0-18.8s; 22.5-26.3s; 26.3-30.0s,20,0.295735,0.648475,16.9s,id:SvcpZ-GuOgo,Whatever Comes Your Way,funny_playful,2025
Pringles,upbeat_audio,0.002237,23.1s,18.4-27.7s,64.5-73.8s,,0.061145,4.6s,0.0-9.2s,0.0-9.2s; 9.2-18.4s; 18.4-27.7s; 27.7-36.9s; 46.1-55.3s,21,0.392013,0.957680,69.2s,id:0x-nGdi_3_o,Call of the Mustaches,funny_playful,2025
Little Caesars,upbeat_audio,0.010189,5.7s,3.8-7.5s; 11.3-15.1s,,,0.056689,24.5s,22.6-26.4s,0.0-3.8s; 3.8-7.5s; 7.5-11.3s; 11.3-15.1s; 18.8-22.6s; 22.6-26.4s; 26.4-30.1s,22,0.248566,0.360059,17.0s,id:KPeAKY73c10,Whoa!,funny_playful,2025
Rocket,upbeat_audio,0.002225,18.8s,15.0-22.6s,37.6-45.1s; 52.6-60.2s,,0.055870,26.3s,22.6-30.1s,0.0-7.5s; 7.5-15.0s; 15.0-22.6s; 22.6-30.1s; 30.1-37.6s; 37.6-45.1s; 45.1-52.6s; 52.6-60.2s,23,0.295436,0.539746,56.4s,id:dPzTch6OJfI,Own The Dream,funny_playful,2025
Mountain Dew,upbeat_audio,0.018720,99.7s,90.6-108.7s,126.9-145.0s,,0.053530,99.7s,,0.0-18.1s; 36.2-54.4s; 54.4-72.5s; 72.5-90.6s; 90.6-108.7s; 108.7-126.9s,24,0.385053,0.988241,135.9s,id:nUagP729T8w,Kiss from a Lime,funny_playful,2025
Booking.com,upbeat_audio,-0.012076,16.9s,,7.5-11.3s; 11.3-15.0s; 18.8-22.6s,,0.071162,20.7s,18.8-22.6s,0.0-3.8s; 3.8-7.5s; 7.5-11.3s; 11.3-15.0s; 15.0-18.8s; 18.8-22.6s; 26.3-30.1s,25,0.368280,0.514051,9.4s,id:laBjQ9uJDg8,Get Your Stay Ridiculously Right,funny_playful,2025
He Gets Us,upbeat_audio,0.005149,11.3s,7.5-15.0s; 45.1-52.7s,30.1-37.6s,52.7-60.2s,0.059589,26.3s,7.5-15.0s; 22.6-30.1s,7.5-15.0s; 15.0-22.6s; 22.6-30.1s; 30.1-37.6s; 37.6-45.1s; 45.1-52.7s; 52.7-60.2s,26,0.207649,0.585357,33.9s,id:kV2Aq_OEmek,“What is Greatness?”,funny_playful,2025
Reese's,upbeat_audio,-0.003645,5.6s,,18.8-22.6s; 26.3-30.1s,,0.069059,13.2s,7.5-11.3s; 11.3-15.0s; 15.0-18.8s,0.0-3.8s; 3.8-7.5s; 7.5-11.3s; 11.3-15.0s; 15.0-18.8s; 22.6-26.3s,27,0.442808,0.855104,20.7s,id:tU_vZpbnYF4,Don’t Eat Lava,funny_playful,2025
RITZ,upbeat_audio,0.015195,13.2s,7.5-11.3s; 11.3-15.0s,18.8-22.6s; 26.3-30.1s,,0.061438,9.4s,7.5-11.3s; 11.3-15.0s; 18.8-22.6s,0.0-3.8s; 3.8-7.5s; 7.5-11.3s; 11.3-15.0s; 15.0-18.8s; 18.8-22.6s; 22.6-26.3s,28,0.468605,0.980814,28.2s,id:Sq7uRqOldeQ,RITZ Salty Club,funny_playful,2025
Haagen-Dazs,upbeat_audio,-0.001764,9.4s,,15.1-18.8s,,0.055310,5.6s,3.8-7.5s,0.0-3.8s; 3.8-7.5s; 7.5-11.3s; 11.3-15.1s; 15.1-18.8s; 18.8-22.6s; 22.6-26.4s,29,0.328321,0.485180,16.9s,id:TTppVzG8gpU,"Not So Fast, Not So Furious",funny_playful,2025
NerdWallet,upbeat_audio,-0.015481,26.3s,,,,0.040776,48.9s,,0.0-7.5s; 7.5-15.0s; 15.0-22.6s; 22.6-30.1s; 30.1-37.6s; 45.1-52.6s; 52.6-60.2s,30,0.237624,0.294583,11.3s,id:3W9deDxEPjQ,Genius Beluga,funny_playful,2025
NERDS,upbeat_audio,0.008189,24.5s,22.6-26.3s,3.8-7.5s; 22.6-26.3s,,0.065433,13.2s,11.3-15.0s; 15.0-18.8s; 18.8-22.6s,0.0-3.8s; 3.8-7.5s; 7.5-11.3s; 11.3-15.0s; 15.0-18.8s; 18.8-22.6s; 26.3-30.1s,31,0.408632,0.989418,24.5s,id:nwcZ2dxPUo0,Wonderful World of NERDS,funny_playful,2025
Disney+,upbeat_audio,0.015846,16.9s,15.0-18.8s,18.8-22.6s; 22.6-26.3s; 26.3-30.1s,26.3-30.1s,0.057699,9.4s,7.5-11.3s,0.0-3.8s; 3.8-7.5s; 7.5-11.3s; 11.3-15.0s; 15.0-18.8s; 18.8-22.6s; 22.6-26.3s; 26.3-30.1s,32,0.399517,0.875781,28.2s,id:2njFt_ZHut4,“What If”,funny_playful,2025
Duracell,upbeat_audio,-0.005598,24.5s,,,15.1-18.8s,0.060493,24.5s,22.6-26.4s,0.0-3.8s; 3.8-7.5s; 7.5-11.3s; 11.3-15.1s; 18.8-22.6s; 22.6-26.4s,33,0.222633,0.299149,20.7s,id:pIFNZ9NpLIE,Brady Reboost,funny_playful,2025
Dunkin’,upbeat_audio,0.011597,11.3s,7.5-15.0s; 22.6-30.1s; 45.1-52.6s,0.0-7.5s; 7.5-15.0s; 15.0-22.6s; 22.6-30.1s; 30.1-37.6s; 37.6-45.1s; 45.1-52.6s; 52.6-60.1s,,0.062369,3.8s,0.0-7.5s; 15.0-22.6s; 22.6-30.1s; 37.6-45.1s,0.0-7.5s; 7.5-15.0s; 15.0-22.6s; 22.6-30.1s; 30.1-37.6s; 37.6-45.1s; 45.1-52.6s; 52.6-60.1s,34,0.572300,0.690546,41.3s,id:W5VzQ8OV3X0,DunKings 2,funny_playful,2025
HexClad Cookware,upbeat_audio,-0.005253,26.3s,,,,0.060616,26.3s,22.6-30.1s; 45.1-52.6s,0.0-7.5s; 7.5-15.0s; 15.0-22.6s; 22.6-30.1s; 30.1-37.6s; 37.6-45.1s; 45.1-52.6s; 52.6-60.2s,35,0.206049,0.253719,33.8s,id:4GmRiL8W5H0,Unidentified Frying Object,funny_playful,2025
Liquid Death,upbeat_audio,0.015228,16.9s,15.0-18.8s,7.5-11.3s,0.0-3.8s; 22.6-26.3s,0.063581,16.9s,15.0-18.8s,3.8-7.5s; 7.5-11.3s; 15.0-18.8s; 18.8-22.6s,36,0.322886,0.454658,9.4s,id:jqtWWWhIMas,Safe For Work,funny_playful,2025
Homes.com,calm_audio,0.006630,24.5s,3.8-7.5s; 7.5-11.3s; 22.6-26.4s,,11.3-15.1s,0.055411,5.7s,3.8-7.5s,0.0-3.8s; 3.8-7.5s; 7.5-11.3s; 11.3-15.1s; 15.1-18.9s; 18.9-22.6s; 22.6-26.4s,37,0.227255,0.368251,24.5s,id:1WnJyyyec1g,Not Saying We’re the Best,funny_playful,2025
Universal Pictures,dramatic_audio,0.006825,16.9s,3.8-7.5s; 11.3-15.0s; 15.0-18.8s,,,0.062997,5.6s,0.0-3.8s; 3.8-7.5s; 15.0-18.8s,0.0-3.8s; 3.8-7.5s; 7.5-11.3s; 11.3-15.0s; 15.0-18.8s; 18.8-22.6s; 22.6-26.3s; 26.3-30.1s,38,0.271816,0.395809,1.9s,id:62-rXriXL3Q,How To Train Your Dragon | Big Game Spot,funny_playful,2025
MSC Cruises,upbeat_audio,-0.022539,77.5s,,98.6-112.7s,,0.042154,77.5s,,14.1-28.2s; 28.2-42.2s; 42.2-56.3s; 56.3-70.4s; 70.4-84.5s; 84.5-98.6s,39,0.276191,0.573613,105.6s,id:82msI_KFp9M,Let's Holiday,funny_playful,2025
Homes.com,upbeat_audio,0.022756,9.4s,7.5-11.3s,,,0.051405,9.4s,,0.0-3.8s; 3.8-7.5s; 7.5-11.3s; 11.3-15.1s; 15.1-18.9s; 18.9-22.6s; 26.4-30.2s,40,0.256090,0.394527,9.4s,id:vAbLsQGygmc,Still Not Saying We’re the Best,funny_playful,2025
Angel Soft,upbeat_audio,-0.012349,20.7s,,0.0-3.8s; 3.8-7.5s; 7.5-11.3s; 11.3-15.0s; 15.0-18.8s; 18.8-22.6s; 22.6-26.3s; 26.3-30.1s,,0.037907,24.5s,,3.8-7.5s; 22.6-26.3s,41,0.516763,0.528095,9.4s,id:I7KfNlBA9mo,The Big Game Potty-tunity,funny_playful,2025
Totino’s Pizza Rolls,upbeat_audio,0.008138,5.6s,3.8-7.5s,15.0-18.8s; 18.8-22.6s; 22.6-26.3s; 26.3-30.1s,26.3-30.1s,0.060239,5.6s,3.8-7.5s,0.0-3.8s; 3.8-7.5s; 7.5-11.3s; 11.3-15.0s; 15.0-18.8s; 18.8-22.6s; 22.6-26.3s,42,0.449721,0.926946,28.2s,id:FIYkPHUiCW4,Chazmo Finally Goes Home,funny_playful,2025
Bosch,upbeat_audio,-0.004881,1.9s,,,26.3-30.1s,0.062116,1.9s,0.0-3.8s; 7.5-11.3s; 15.0-18.8s,0.0-3.8s; 7.5-11.3s; 11.3-15.0s; 15.0-18.8s; 18.8-22.6s; 22.6-26.3s; 26.3-30.1s,43,0.330769,0.399571,20.7s,id:Zn_sUFnwHDg,The More You Bosch,funny_playful,2025
Ray-Ban | Meta,upbeat_audio,0.002753,13.2s,11.3-15.0s,,,0.063653,13.2s,3.8-7.5s; 11.3-15.0s; 18.8-22.6s; 26.3-30.1s,0.0-3.8s; 3.8-7.5s; 7.5-11.3s; 11.3-15.0s; 15.0-18.8s; 18.8-22.6s; 22.6-26.3s; 26.3-30.1s,44,0.316766,0.360514,9.4s,id:-cqwXxUo_q8,"Hey Meta, Who Eats Art? Ft. Chris Hemsworth, Chris Pratt and Kris Jenner | Ray-Ban Meta Glasses",funny_playful,2025
Taco Bell,upbeat_audio,-0.006707,5.7s,,26.4-30.2s,,0.049729,5.7s,,0.0-3.8s; 3.8-7.5s; 7.5-11.3s; 11.3-15.1s; 18.9-22.6s; 22.6-26.4s; 26.4-30.2s,45,0.254885,0.497476,28.3s,id:rzJPAqhIbXw,The Fans,funny_playful,2025
Poppi,upbeat_audio,0.013117,3.8s,0.0-7.5s; 7.5-15.0s; 15.0-22.5s; 22.5-30.1s,22.5-30.1s; 37.6-45.1s,,0.059042,33.8s,0.0-7.5s; 15.0-22.5s; 22.5-30.1s; 30.1-37.6s,0.0-7.5s; 7.5-15.0s; 15.0-22.5s; 22.5-30.1s; 30.1-37.6s; 37.6-45.1s; 45.1-52.6s; 52.6-60.1s,46,0.407409,0.486180,41.3s,id:4LDn46rb_gc,Soda Thoughts,funny_playful,2025
TurboTax,upbeat_audio,-0.018615,2.8s,,,,0.057435,14.1s,11.3-16.9s,0.0-5.6s; 5.6-11.3s; 11.3-16.9s; 16.9-22.6s; 22.6-28.2s; 28.2-33.9s; 33.9-39.5s; 39.5-45.1s,47,0.263705,0.365111,36.7s,id:h0DQWw26bSg,Now Taxes is So Sweet,funny_playful,2025
GoDaddy,upbeat_audio,0.004528,56.4s,0.0-7.5s; 52.6-60.1s,0.0-7.5s; 7.5-15.0s; 15.0-22.6s; 52.6-60.1s,,0.055581,11.3s,7.5-15.0s,0.0-7.5s; 7.5-15.0s; 15.0-22.6s; 22.6-30.1s; 30.1-37.6s; 45.1-52.6s; 52.6-60.1s,48,0.549221,0.942289,56.4s,id:Mc-XvA9sNKU,Act Like You Know,funny_playful,2025
Hims & Hers,upbeat_audio,0.028925,11.3s,0.0-7.5s; 7.5-15.0s,22.5-30.1s,,0.074268,11.3s,7.5-15.0s,0.0-7.5s; 7.5-15.0s; 22.5-30.1s; 30.1-37.6s,49,0.405125,0.758417,26.3s,id:l5l6QMNnqoc,Sick of the System,funny_playful,2025
DoorDash,upbeat_audio,0.007065,16.9s,15.0-18.8s,15.0-18.8s,,0.064457,13.2s,3.8-7.5s; 11.3-15.0s; 22.6-26.3s,0.0-3.8s; 3.8-7.5s; 7.5-11.3s; 11.3-15.0s; 15.0-18.8s; 18.8-22.6s; 22.6-26.3s; 26.3-30.1s,50,0.415344,0.452402,16.9s,id:_fHqcDASbGs,“DashPass Math”,funny_playful,2025
T-Mobile,upbeat_audio,-0.010675,18.8s,,0.0-7.5s; 52.6-60.1s,52.6-60.1s,0.027196,18.8s,,0.0-7.5s; 15.0-22.5s; 37.6-45.1s; 52.6-60.1s,51,0.359921,0.543400,3.8s,id:HLw6ZovMpLI,“A New Era in Connectivity”,funny_playful,2025
Squarespace,dramatic_audio,-0.000948,30.1s,,,,0.064515,25.5s,23.2-27.8s,0.0-4.6s; 4.6-9.3s; 9.3-13.9s; 13.9-18.6s; 18.6-23.2s; 23.2-27.8s; 32.5-37.1s,52,0.150709,0.209303,34.8s,id:LC5V4aIoWes,A Tale As Old As Websites,funny_playful,2025
OpenAI,upbeat_audio,-0.004121,34.7s,,,,0.017426,34.7s,,,53,0.217506,0.435013,62.5s,id:kIhb5pEo_j0,ChatGPT | The Intelligence Age,energetic_action,2025
Cirkul,upbeat_audio,-0.015853,28.9s,,0.0-8.2s; 33.0-41.2s; 41.2-49.5s; 49.5-57.7s; 57.7-65.9s,,0.041694,4.1s,,0.0-8.2s; 16.5-24.7s; 24.7-33.0s,54,0.378316,0.488309,37.1s,id:EJSxfrPf5qI,You Got Cirkul,funny_playful,2025
Coffee mate,upbeat_audio,0.020832,16.9s,15.1-18.8s; 22.6-26.4s,3.8-7.5s; 11.3-15.1s; 18.8-22.6s; 26.4-30.1s,,0.056667,24.5s,22.6-26.4s,0.0-3.8s; 3.8-7.5s; 7.5-11.3s; 11.3-15.1s; 15.1-18.8s; 18.8-22.6s; 22.6-26.4s,55,0.508513,0.851291,20.7s,id:PSWBmByCJSE,Foam Diva,funny_playful,2025
Fetch,upbeat_audio,-0.030658,13.2s,,0.0-3.8s; 3.8-7.5s; 7.5-11.3s; 11.3-15.1s; 15.1-18.8s; 18.8-22.6s; 22.6-26.4s; 26.4-30.1s,0.0-3.8s,0.028663,28.3s,,26.4-30.1s,56,0.525367,0.561794,5.7s,id:-vmJfJVRyA0,The Big Reward,funny_playful,2025
Tubi,upbeat_audio,-0.000520,6.6s,,,11.3-13.2s; 13.2-15.1s,0.055881,6.6s,5.7-7.6s,0.0-1.9s; 1.9-3.8s; 3.8-5.7s; 5.7-7.6s; 7.6-9.4s; 9.4-11.3s; 11.3-13.2s; 13.2-15.1s,57,0.139911,0.208947,10.4s,id:6w2QWnl8KnE,The Z-Suite,funny_playful,2025
Budweiser,upbeat_audio,-0.015707,56.4s,,,,0.042067,26.3s,,0.0-7.5s; 7.5-15.0s; 15.0-22.5s; 22.5-30.1s; 30.1-37.6s; 37.6-45.1s; 45.1-52.6s; 52.6-60.1s,1,0.195813,0.307314,33.8s,title:budweiser american icons,American Icons,funny_playful,2026
Lay's,upbeat_audio,0.023192,11.3s,7.5-15.0s; 45.1-52.6s,15.0-22.5s; 37.6-45.1s,,0.064749,48.8s,7.5-15.0s; 45.1-52.6s,0.0-7.5s; 7.5-15.0s; 15.0-22.5s; 22.5-30.0s; 30.0-37.6s; 37.6-45.1s; 45.1-52.6s; 52.6-60.1s,2,0.333146,0.601898,18.8s,title:lay s last harvest,Last Harvest,funny_playful,2026
Pepsi,upbeat_audio,0.002181,16.9s,15.0-18.8s,11.3-15.0s; 22.6-26.3s; 26.3-30.1s,26.3-30.1s,0.052172,16.9s,,3.8-7.5s; 7.5-11.3s; 11.3-15.0s; 15.0-18.8s; 18.8-22.6s; 22.6-26.3s; 26.3-30.1s,3,0.434092,0.776495,24.5s,title:choice pepsi,The Choice,funny_playful,2026
Dunkin,upbeat_audio,0.001759,56.3s,22.5-30.0s; 52.5-60.0s,,,0.063611,56.3s,15.0-22.5s; 22.5-30.0s; 30.0-37.5s; 52.5-60.0s,0.0-7.5s; 7.5-15.0s; 15.0-22.5s; 22.5-30.0s; 30.0-37.5s; 37.5-45.0s; 52.5-60.0s,4,0.220564,0.444290,3.8s,title:good will dunkin,Good Will Dunkin,funny_playful,2026
Michelob ULTRA,upbeat_audio,0.016073,14.9s,9.9-19.9s,,,0.064102,14.9s,9.9-19.9s,0.0-9.9s; 9.9-19.9s; 19.9-29.8s; 39.7-49.7s; 49.7-59.6s,5,0.277086,0.345597,24.8s,title:how train your dragon,The ULTRA Instructor,funny_playful,2026
Xfinity,upbeat_audio,-0.007107,11.3s,,0.0-7.5s,,0.055538,26.3s,22.5-30.1s,0.0-7.5s; 7.5-15.0s; 22.5-30.1s; 37.6-45.1s; 45.1-52.6s; 52.6-60.1s,6,0.308749,0.509790,3.8s,title:jurassic park works xfinity,Jurassic Park...Works,funny_playful,2026
Novartis,upbeat_audio,-0.007016,48.8s,,15.0-22.5s; 22.5-30.1s,,0.063171,26.3s,22.5-30.1s,0.0-7.5s; 15.0-22.5s; 22.5-30.1s; 30.1-37.6s; 37.6-45.1s; 45.1-52.6s,7,0.398564,0.669142,18.8s,title:relax your tight end,Relax Your Tight End,funny_playful,2026
NFL,upbeat_audio,0.018703,11.3s,0.0-7.5s; 7.5-15.0s; 15.0-22.5s; 22.5-30.1s; 37.6-45.1s,,,0.058146,18.8s,0.0-7.5s; 15.0-22.5s,0.0-7.5s; 7.5-15.0s; 15.0-22.5s; 22.5-30.1s; 30.1-37.6s; 37.6-45.1s; 45.1-52.6s,8,0.260172,0.376558,3.8s,title:champion,Champion,funny_playful,2026
Bud Light,upbeat_audio,-0.024503,28.2s,,,,0.071820,13.2s,0.0-3.8s; 11.3-15.0s,0.0-3.8s; 3.8-7.5s; 7.5-11.3s; 11.3-15.0s; 15.0-18.8s; 18.8-22.6s; 22.6-26.3s; 26.3-30.1s,9,0.278554,0.366286,1.9s,title:30,Keg,funny_playful,2026
Ring,upbeat_audio,-0.000948,9.4s,,,11.3-15.0s; 18.8-22.6s,0.046080,24.5s,,0.0-3.8s; 3.8-7.5s; 18.8-22.6s; 22.6-26.3s,10,0.195811,0.370179,20.7s,title:search party ring be hero your neighborhood,Search Party from Ring | Be A Hero In Your Neighborhood,funny_playful,2026
Amazon Alexa,upbeat_audio,0.018122,85.8s,66.0-79.2s; 79.2-92.4s,39.6-52.8s; 52.8-66.0s,,0.062097,72.6s,26.4-39.6s; 39.6-52.8s; 52.8-66.0s; 66.0-79.2s; 79.2-92.4s,26.4-39.6s; 39.6-52.8s; 52.8-66.0s; 66.0-79.2s; 79.2-92.4s,11,0.449985,0.728005,46.2s,title:doordash dashpass math 30,Alexaaaa+,funny_playful,2026
Rocket and Redfin,upbeat_audio,0.001195,33.8s,30.1-37.6s,,,0.061010,3.8s,0.0-7.5s; 30.1-37.6s,0.0-7.5s; 7.5-15.0s; 15.0-22.5s; 22.5-30.1s; 30.1-37.6s; 37.6-45.1s; 45.1-52.6s; 52.6-60.1s,12,0.241342,0.423677,26.3s,title:america needs neighbors like you redfin x rocket mortgage,America Needs Neighbors Like You,funny_playful,2026
State Farm,upbeat_audio,0.009463,11.3s,7.5-15.0s; 15.0-22.5s; 30.1-37.6s,52.6-60.1s,,0.062309,18.8s,7.5-15.0s; 15.0-22.5s,0.0-7.5s; 7.5-15.0s; 15.0-22.5s; 22.5-30.1s; 30.1-37.6s; 37.6-45.1s; 45.1-52.6s,13,0.212521,0.550255,56.4s,id:cIP_Qw7UQyY,Stop Livin' on a Prayer,funny_playful,2026
Dove,upbeat_audio,0.013323,5.6s,3.8-7.5s,7.5-11.3s; 11.3-15.0s,26.3-30.1s,0.053899,5.6s,,0.0-3.8s; 3.8-7.5s; 15.0-18.8s; 18.8-22.6s,14,0.355820,0.558043,13.2s,title:is ours,The Game is Ours,funny_playful,2026
Uber Eats,upbeat_audio,0.000743,48.8s,45.1-52.6s,,,0.062545,48.8s,7.5-15.0s; 45.1-52.6s; 52.6-60.1s,0.0-7.5s; 7.5-15.0s; 15.0-22.5s; 22.5-30.1s; 30.1-37.6s; 37.6-45.1s; 45.1-52.6s; 52.6-60.1s,15,0.269081,0.339494,56.4s,title:hungry truth uber eats,Hungry for the Truth,funny_playful,2026
NFL,upbeat_audio,0.004602,24.5s,7.5-11.3s; 22.6-26.3s,11.3-15.0s,,0.068375,24.5s,18.8-22.6s; 22.6-26.3s,0.0-3.8s; 3.8-7.5s; 7.5-11.3s; 11.3-15.0s; 15.0-18.8s; 18.8-22.6s; 22.6-26.3s,16,0.275186,0.508562,13.2s,title:nfl you are special,You Are Special,funny_playful,2026
Blue Square Alliance Against Hate,dramatic_audio,0.009540,9.4s,7.5-11.3s,,,0.056954,20.7s,0.0-3.8s; 18.8-22.6s,0.0-3.8s; 3.8-7.5s; 7.5-11.3s; 11.3-15.0s; 15.0-18.8s; 18.8-22.6s; 22.6-26.3s; 26.3-30.1s,17,0.332640,0.425437,16.9s,title:sticky note sb,Sticky Note,funny_playful,2026
Bosch,upbeat_audio,0.017904,24.5s,22.6-26.3s,26.3-30.1s,26.3-30.1s,0.060215,24.5s,22.6-26.3s,0.0-3.8s; 3.8-7.5s; 7.5-11.3s; 11.3-15.0s; 15.0-18.8s; 18.8-22.6s; 22.6-26.3s,18,0.341789,0.457003,28.2s,title:boshi,Justaguy,funny_playful,2026
Universal Orlando Resort,upbeat_audio,-0.007315,11.3s,,22.5-30.1s,,0.073509,33.8s,30.1-37.6s,0.0-7.5s; 7.5-15.0s; 15.0-22.5s; 22.5-30.1s; 30.1-37.6s; 37.6-45.1s,19,0.376527,0.547311,26.3s,title:universal orlando resort lil bro,Lil' Bro,funny_playful,2026
Toyota,upbeat_audio,0.018537,9.4s,3.8-7.5s; 7.5-11.3s; 11.3-15.0s; 18.8-22.6s,,,0.074957,9.4s,3.8-7.5s; 7.5-11.3s; 11.3-15.0s,0.0-3.8s; 3.8-7.5s; 7.5-11.3s; 11.3-15.0s; 15.0-18.8s; 18.8-22.6s; 22.6-26.3s,20,0.269172,0.317513,24.5s,title:superhero belt toyota,Superhero Belt,funny_playful,2026
Levi's,upbeat_audio,-0.009457,9.4s,,0.0-3.8s; 7.5-11.3s; 15.0-18.8s; 22.6-26.3s,,0.047946,5.6s,,0.0-3.8s; 3.8-7.5s; 7.5-11.3s; 11.3-15.0s; 18.8-22.6s; 22.6-26.3s; 26.3-30.1s,21,0.437140,0.544176,9.4s,title:backstory levi s behind every original,Backstory,dramatic_dark,2026
Pringles,upbeat_audio,0.024344,9.4s,7.5-11.3s,3.8-7.5s,,0.066571,9.4s,7.5-11.3s; 11.3-15.1s; 22.6-26.4s,0.0-3.8s; 3.8-7.5s; 7.5-11.3s; 11.3-15.1s; 18.8-22.6s; 22.6-26.4s; 26.4-30.1s,22,0.351010,0.572811,5.7s,title:pringles pringleleo,Pringleleo,funny_playful,2026
Google,upbeat_audio,-0.009079,48.8s,,,52.6-60.1s,0.043678,48.8s,,45.1-52.6s; 52.6-60.1s,23,0.146562,0.345442,56.4s,title:new home google gemini sb,New Home,funny_playful,2026
Toyota,dramatic_audio,-0.008504,1.9s,,11.3-15.0s,26.3-30.1s,0.062031,1.9s,0.0-3.8s,0.0-3.8s; 7.5-11.3s; 11.3-15.0s; 15.0-18.8s; 18.8-22.6s; 22.6-26.3s,24,0.340563,0.499747,13.2s,title:where dreams began toyota x nfl,Where Dreams Began,funny_playful,2026
Hellmann's,upbeat_audio,-0.018171,1.9s,,,,0.072602,24.5s,11.3-15.0s; 22.6-26.3s; 26.3-30.1s,0.0-3.8s; 3.8-7.5s; 7.5-11.3s; 11.3-15.0s; 15.0-18.8s; 18.8-22.6s; 22.6-26.3s; 26.3-30.1s,25,0.350862,0.417661,1.9s,title:hellmans,Sweet Sandwich Time,funny_playful,2026
Liquid I.V.,upbeat_audio,-0.000406,24.5s,,7.5-11.3s,,0.029370,24.5s,,22.6-26.3s,27,0.293649,0.472211,9.4s,title:take look liquid i v day,Take A Look,funny_playful,2026
TurboTax,upbeat_audio,-0.003616,31.0s,,,,0.063909,36.6s,16.9-22.5s; 22.5-28.2s; 28.2-33.8s; 33.8-39.5s,0.0-5.6s; 5.6-11.3s; 11.3-16.9s; 16.9-22.5s; 22.5-28.2s; 28.2-33.8s; 33.8-39.5s,28,0.175987,0.292062,42.3s,title:expert adrien brody turbotax 45,The Expert,funny_playful,2026
Kinder Bueno,upbeat_audio,-0.001004,9.4s,,0.0-3.8s; 3.8-7.5s; 11.3-15.0s; 18.8-22.6s,,0.067630,9.4s,7.5-11.3s,0.0-3.8s; 3.8-7.5s; 7.5-11.3s; 11.3-15.0s; 15.0-18.8s; 18.8-22.6s; 22.6-26.3s,29,0.477418,0.616188,20.7s,title:yes bueno,Yes Bueno 2026,funny_playful,2026
RITZ,upbeat_audio,0.011523,13.2s,3.8-7.5s; 11.3-15.0s,22.6-26.3s,22.6-26.3s,0.066546,28.2s,0.0-3.8s; 3.8-7.5s; 11.3-15.0s; 26.3-30.1s,0.0-3.8s; 3.8-7.5s; 7.5-11.3s; 11.3-15.0s; 15.0-18.8s; 18.8-22.6s; 26.3-30.1s,30,0.378851,0.816884,24.5s,title:ritz island,RITZ Island,funny_playful,2026
Instacart,upbeat_audio,-0.011649,5.6s,,,,0.057851,24.5s,3.8-7.5s; 22.6-26.3s,0.0-3.8s; 3.8-7.5s; 7.5-11.3s; 11.3-15.0s; 15.0-18.8s; 18.8-22.6s; 22.6-26.3s; 26.3-30.1s,31,0.351164,0.429424,9.4s,title:bananas instacart,Bananas,funny_playful,2026
Grubhub,upbeat_audio,0.011841,13.2s,11.3-15.0s; 22.6-26.3s,26.3-30.1s,,0.064623,24.5s,3.8-7.5s; 11.3-15.0s; 22.6-26.3s,0.0-3.8s; 3.8-7.5s; 7.5-11.3s; 11.3-15.0s; 15.0-18.8s; 18.8-22.6s; 22.6-26.3s,32,0.339396,0.642358,28.2s,title:grubhub feest,The Feest,funny_playful,2026
He Gets Us,upbeat_audio,0.002578,48.8s,45.1-52.6s,7.5-15.0s,,0.049074,3.8s,,0.0-7.5s; 7.5-15.0s; 22.5-30.1s; 30.1-37.6s; 37.6-45.1s; 45.1-52.6s,33,0.322255,0.462016,11.3s,title:is there more life than more,More,energetic_action,2026
MAHA Center Inc.,upbeat_audio,0.056201,1.9s,0.0-3.8s; 3.8-7.5s; 7.5-11.3s; 11.3-15.1s; 15.1-18.8s; 18.8-22.6s; 22.6-26.4s,,,0.057574,5.7s,3.8-7.5s,0.0-3.8s; 3.8-7.5s; 7.5-11.3s; 11.3-15.1s; 15.1-18.8s; 18.8-22.6s; 22.6-26.4s,34,0.000387,0.003096,28.3s,title:mike tyson takes on fight his life,MAHA Real Food by Mike Tyson,dramatic_dark,2026
Boehringer Ingelheim,upbeat_audio,0.012482,5.6s,3.8-7.5s; 15.0-18.8s,7.5-11.3s; 11.3-15.0s; 15.0-18.8s; 18.8-22.6s,,0.058488,5.6s,3.8-7.5s,0.0-3.8s; 3.8-7.5s; 7.5-11.3s; 11.3-15.0s; 15.0-18.8s; 18.8-22.6s; 22.6-26.3s; 26.3-30.1s,35,0.465248,0.795543,16.9s,title:sos,Mission: Detect the SOS,funny_playful,2026
Volkswagen of America,upbeat_audio,0.028368,5.6s,0.0-3.8s; 3.8-7.5s; 11.3-15.0s; 18.8-22.6s,0.0-3.8s; 18.8-22.6s,,0.057443,13.2s,3.8-7.5s; 11.3-15.0s,0.0-3.8s; 3.8-7.5s; 7.5-11.3s; 11.3-15.0s; 15.0-18.8s; 18.8-22.6s; 26.3-30.1s,36,0.344471,0.527035,20.7s,title:vw,The Great Invitation: Drivers wanted,funny_playful,2026
Apartments.com and Homes.com,upbeat_audio,-0.010069,5.6s,,15.0-18.8s; 18.8-22.6s,0.0-3.8s,0.051932,5.6s,,0.0-3.8s; 3.8-7.5s; 7.5-11.3s; 11.3-15.0s; 15.0-18.8s; 18.8-22.6s; 22.6-26.3s,37,0.337018,0.593491,16.9s,title:can t live there homes com,Can't Live There,funny_playful,2026
Cadillac Formula 1,dramatic_audio,0.013933,18.8s,15.0-22.5s,0.0-7.5s; 15.0-22.5s; 22.5-30.1s,,0.039234,18.8s,,7.5-15.0s; 15.0-22.5s; 30.1-37.6s; 52.6-60.1s,38,0.445137,0.742440,18.8s,title:cadillac formula 1 team livery reveal mission begins,Cadillac Formula 1 Team 2026 Livery Reveal | The Mission Begins,dramatic_dark,2026
Squarespace,dramatic_audio,0.032542,7.0s,4.6-9.3s,,,0.052889,7.0s,,4.6-9.3s; 9.3-13.9s; 13.9-18.6s; 18.6-23.2s; 23.2-27.8s; 32.5-37.1s,39,0.104566,0.189842,34.8s,title:,Unavailable,dramatic_dark,2026
Fanatics Sportsbook,upbeat_audio,0.022386,16.9s,15.0-18.8s,,,0.052817,9.4s,,0.0-3.8s; 3.8-7.5s; 7.5-11.3s; 11.3-15.0s; 15.0-18.8s; 18.8-22.6s; 22.6-26.3s,40,0.224046,0.279594,5.6s,title:bet on kendall 30 fanatics sportsbook,Bet On Kendall with Fanatics Sportsbook,funny_playful,2026
Hims & Hers,upbeat_audio,0.019050,11.3s,0.0-7.5s; 7.5-15.0s; 22.5-30.1s; 52.6-60.1s,37.6-45.1s,,0.066852,3.8s,0.0-7.5s; 7.5-15.0s; 52.6-60.1s,0.0-7.5s; 7.5-15.0s; 15.0-22.5s; 22.5-30.1s; 45.1-52.6s; 52.6-60.1s,41,0.345404,0.596979,41.3s,title:hims rich live longer,Rich People Live Longer,funny_playful,2026
NERDS,upbeat_audio,0.006330,13.2s,11.3-15.0s,0.0-3.8s; 3.8-7.5s; 7.5-11.3s; 11.3-15.0s; 26.3-30.1s,,0.062931,24.5s,22.6-26.3s,0.0-3.8s; 3.8-7.5s; 7.5-11.3s; 11.3-15.0s; 15.0-18.8s; 18.8-22.6s; 22.6-26.3s; 26.3-30.1s,42,0.474069,0.533326,28.2s,title:nerds juicy gummy clusters andy cohen 30,Taste Buds,funny_playful,2026
DraftKings,upbeat_audio,0.016557,16.9s,0.0-3.8s; 3.8-7.5s; 15.0-18.8s,,,0.043263,5.6s,,0.0-3.8s; 3.8-7.5s; 7.5-11.3s; 11.3-15.0s; 15.0-18.8s; 18.8-22.6s,43,0.269704,0.298130,9.4s,title:draftkings live superbowl,DraftKings Live-ish Super Bowl LX,funny_playful,2026
Oakley Meta,upbeat_audio,0.015258,1.9s,0.0-3.8s; 3.8-7.5s; 18.8-22.6s; 26.4-30.1s,7.5-11.3s; 11.3-15.1s; 15.1-18.8s,,0.058724,16.9s,15.1-18.8s,0.0-3.8s; 3.8-7.5s; 7.5-11.3s; 15.1-18.8s; 18.8-22.6s; 22.6-26.4s; 26.4-30.1s,44,0.453242,0.738298,9.4s,title:oakley meta athletic intelligence is here part two,Athletic Intelligence is Here - Part Two,funny_playful,2026
OpenAI,dramatic_audio,-0.008725,41.3s,,0.0-7.5s,,0.058920,41.3s,37.6-45.1s,0.0-7.5s; 30.1-37.6s; 37.6-45.1s,45,0.259777,0.473913,3.8s,title:openai codex you can just build things,You Can Just Build Things,funny_playful,2026
Anthropic,upbeat_audio,0.026160,20.7s,18.8-22.6s; 22.6-26.3s,,,0.061197,20.7s,7.5-11.3s; 11.3-15.0s; 15.0-18.8s; 18.8-22.6s; 22.6-26.3s,0.0-3.8s; 3.8-7.5s; 7.5-11.3s; 11.3-15.0s; 15.0-18.8s; 18.8-22.6s; 22.6-26.3s; 26.3-30.1s,46,0.263888,0.311623,20.7s,title:can i get six pack quickly,Can I get a six pack quickly?,funny_playful,2026
Oakley Meta,upbeat_audio,0.023305,13.2s,11.3-15.1s; 18.8-22.6s,0.0-3.8s; 18.8-22.6s; 22.6-26.4s,,0.034246,13.2s,,3.8-7.5s; 11.3-15.1s; 15.1-18.8s; 18.8-22.6s; 26.4-30.1s,47,0.341286,0.494250,1.9s,title:oakley meta athletic intelligence is here part one,Athletic Intelligence is Here - Part One,energetic_action,2026
Novo Nordisk,upbeat_audio,-0.004061,29.8s,,139.0-158.8s,,0.049041,129.0s,,0.0-19.9s; 19.9-39.7s; 99.3-119.1s; 119.1-139.0s,48,0.269846,0.578462,148.9s,title:angel soft potty tunity 30,A New Way to Wegovy,funny_playful,2026
poppi,upbeat_audio,0.010099,28.2s,0.0-3.8s; 26.3-30.1s,22.6-26.3s,,0.056813,28.2s,26.3-30.1s,0.0-3.8s; 3.8-7.5s; 7.5-11.3s; 11.3-15.0s; 15.0-18.8s; 18.8-22.6s; 22.6-26.3s; 26.3-30.1s,49,0.309254,0.500102,24.5s,title:poppi poppi,Make it poppi,funny_playful,2026
Wix,upbeat_audio,-0.012946,1.9s,,,,0.021566,28.2s,,26.3-30.1s,50,0.275664,0.344288,1.9s,title:wix harmony new way create,Wix Harmony: The New Way to Create,funny_playful,2026
Salesforce,upbeat_audio,-0.019361,30.1s,,0.0-4.0s; 4.0-8.0s,20.1-24.1s,0.059890,22.1s,20.1-24.1s,0.0-4.0s; 4.0-8.0s; 8.0-12.1s; 12.1-16.1s; 16.1-20.1s; 20.1-24.1s; 24.1-28.1s,51,0.325985,0.718500,2.0s,title:salesforce mrbeast s vault,@MrBeast's Vault,funny_playful,2026
Ro,upbeat_audio,-0.008307,20.7s,,,,0.040317,20.7s,,0.0-3.8s; 18.8-22.6s; 22.6-26.3s,52,0.320169,0.432847,24.5s,title:serena williams healthier on ro,Healthier on Ro,funny_playful,2026
Svedka,upbeat_audio,0.013431,1.9s,0.0-3.8s,0.0-3.8s; 15.0-18.8s; 18.8-22.6s; 22.6-26.3s; 26.3-30.1s,,0.051489,5.6s,,0.0-3.8s; 3.8-7.5s; 7.5-11.3s; 11.3-15.0s; 15.0-18.8s; 18.8-22.6s; 22.6-26.3s,53,0.529414,0.718116,16.9s,title:shake your bots off svedka,Shake Your Bots Off,funny_playful,2026
Coinbase,upbeat_audio,-0.011454,57.6s,,0.0-7.7s; 7.7-15.4s; 15.4-23.0s; 23.0-30.7s; 30.7-38.4s; 38.4-46.1s; 46.1-53.8s; 53.8-61.5s,53.8-61.5s,0.021084,26.9s,,23.0-30.7s,54,0.925333,0.994938,57.6s,title:everybody coinbase,Everybody Coinbase,funny_playful,2026
